date,coal_price_usd_per_mt,bunker_price_usd_per_mt,crude_price_usd_per_bbl,port_congestion_index,vessel_availability_index,source
2021-01-01,81.14,573.75,67.43,0.441,0.691,SYNTHETIC_PROTOTYPE_CALIBRATED_TO_PUBLIC_MARKET_FACTOR_RANGES
2021-01-02,75.39,573.51,72.93,0.348,0.851,SYNTHETIC_PROTOTYPE_CALIBRATED_TO_PUBLIC_MARKET_FACTOR_RANGES
2021-01-03,85.31,581.73,81.14,0.342,0.862,SYNTHETIC_PROTOTYPE_CALIBRATED_TO_PUBLIC_MARKET_FACTOR_RANGES
2021-01-04,87.23,578.75,76.89,0.392,0.783,SYNTHETIC_PROTOTYPE_CALIBRATED_TO_PUBLIC_MARKET_FACTOR_RANGES
2021-01-05,73.74,589.95,71.15,0.204,0.746,SYNTHETIC_PROTOTYPE_CALIBRATED_TO_PUBLIC_MARKET_FACTOR_RANGES
2021-01-06,77.94,584.17,86.48,0.414,0.768,SYNTHETIC_PROTOTYPE_CALIBRATED_TO_PUBLIC_MARKET_FACTOR_RANGES
2021-01-07,86.03,595.33,77.19,0.623,0.815,SYNTHETIC_PROTOTYPE_CALIBRATED_TO_PUBLIC_MARKET_FACTOR_RANGES
2021-01-08,84.73,599.2,79.08,0.369,0.759,SYNTHETIC_PROTOTYPE_CALIBRATED_TO_PUBLIC_MARKET_FACTOR_RANGES
2021-01-09,87.14,581.88,79.38,0.374,0.789,SYNTHETIC_PROTOTYPE_CALIBRATED_TO_PUBLIC_MARKET_FACTOR_RANGES
2021-01-10,83.84,572.56,76.55,0.447,0.779,SYNTHETIC_PROTOTYPE_CALIBRATED_TO_PUBLIC_MARKET_FACTOR_RANGES
2021-01-11,93.36,615.44,75.34,0.523,0.757,SYNTHETIC_PROTOTYPE_CALIBRATED_TO_PUBLIC_MARKET_FACTOR_RANGES
2021-01-12,93.69,602.6,86.97,0.473,0.759,SYNTHETIC_PROTOTYPE_CALIBRATED_TO_PUBLIC_MARKET_FACTOR_RANGES
2021-01-13,90.93,581.48,82.73,0.226,0.792,SYNTHETIC_PROTOTYPE_CALIBRATED_TO_PUBLIC_MARKET_FACTOR_RANGES
2021-01-14,97.01,595.94,82.24,0.448,0.741,SYNTHETIC_PROTOTYPE_CALIBRATED_TO_PUBLIC_MARKET_FACTOR_RANGES
2021-01-15,94.44,616.14,81.48,0.612,0.798,SYNTHETIC_PROTOTYPE_CALIBRATED_TO_PUBLIC_MARKET_FACTOR_RANGES
2021-01-16,88.51,605.82,75.39,0.46,0.761,SYNTHETIC_PROTOTYPE_CALIBRATED_TO_PUBLIC_MARKET_FACTOR_RANGES
2021-01-17,95.31,605.23,84.74,0.321,0.785,SYNTHETIC_PROTOTYPE_CALIBRATED_TO_PUBLIC_MARKET_FACTOR_RANGES
2021-01-18,89.29,630.3,76.47,0.44,0.835,SYNTHETIC_PROTOTYPE_CALIBRATED_TO_PUBLIC_MARKET_FACTOR_RANGES
2021-01-19,99.05,602.95,81.2,0.318,0.773,SYNTHETIC_PROTOTYPE_CALIBRATED_TO_PUBLIC_MARKET_FACTOR_RANGES
2021-01-20,94.94,607.86,73.72,0.523,0.816,SYNTHETIC_PROTOTYPE_CALIBRATED_TO_PUBLIC_MARKET_FACTOR_RANGES
2021-01-21,94.75,621.8,72.33,0.351,0.707,SYNTHETIC_PROTOTYPE_CALIBRATED_TO_PUBLIC_MARKET_FACTOR_RANGES
2021-01-22,92.71,625.66,81.98,0.436,0.76,SYNTHETIC_PROTOTYPE_CALIBRATED_TO_PUBLIC_MARKET_FACTOR_RANGES
2021-01-23,102.63,628.55,77.68,0.365,0.78,SYNTHETIC_PROTOTYPE_CALIBRATED_TO_PUBLIC_MARKET_FACTOR_RANGES
2021-01-24,96.09,635.03,73.17,0.393,0.855,SYNTHETIC_PROTOTYPE_CALIBRATED_TO_PUBLIC_MARKET_FACTOR_RANGES
2021-01-25,95.03,627.87,83.49,0.558,0.7,SYNTHETIC_PROTOTYPE_CALIBRATED_TO_PUBLIC_MARKET_FACTOR_RANGES
2021-01-26,95.67,632.64,90.01,0.45,0.774,SYNTHETIC_PROTOTYPE_CALIBRATED_TO_PUBLIC_MARKET_FACTOR_RANGES
2021-01-27,100.3,624.83,87.28,0.4,0.836,SYNTHETIC_PROTOTYPE_CALIBRATED_TO_PUBLIC_MARKET_FACTOR_RANGES
2021-01-28,99.63,629.74,80.89,0.355,0.746,SYNTHETIC_PROTOTYPE_CALIBRATED_TO_PUBLIC_MARKET_FACTOR_RANGES
2021-01-29,99.99,631.21,82.15,0.3,0.768,SYNTHETIC_PROTOTYPE_CALIBRATED_TO_PUBLIC_MARKET_FACTOR_RANGES
2021-01-30,100.16,633.32,85.85,0.352,0.79,SYNTHETIC_PROTOTYPE_CALIBRATED_TO_PUBLIC_MARKET_FACTOR_RANGES
2021-01-31,108.75,640.71,86.97,0.463,0.783,SYNTHETIC_PROTOTYPE_CALIBRATED_TO_PUBLIC_MARKET_FACTOR_RANGES
2021-02-01,96.01,638.68,81.29,0.534,0.838,SYNTHETIC_PROTOTYPE_CALIBRATED_TO_PUBLIC_MARKET_FACTOR_RANGES
2021-02-02,95.44,633.01,82.99,0.413,0.793,SYNTHETIC_PROTOTYPE_CALIBRATED_TO_PUBLIC_MARKET_FACTOR_RANGES
2021-02-03,93.85,623.12,84.23,0.585,0.828,SYNTHETIC_PROTOTYPE_CALIBRATED_TO_PUBLIC_MARKET_FACTOR_RANGES
2021-02-04,100.89,633.86,85.41,0.404,0.76,SYNTHETIC_PROTOTYPE_CALIBRATED_TO_PUBLIC_MARKET_FACTOR_RANGES
2021-02-05,103.31,632.82,82.84,0.444,0.744,SYNTHETIC_PROTOTYPE_CALIBRATED_TO_PUBLIC_MARKET_FACTOR_RANGES
2021-02-06,96.92,635.47,83.06,0.378,0.764,SYNTHETIC_PROTOTYPE_CALIBRATED_TO_PUBLIC_MARKET_FACTOR_RANGES
2021-02-07,93.08,659.51,89.22,0.545,0.726,SYNTHETIC_PROTOTYPE_CALIBRATED_TO_PUBLIC_MARKET_FACTOR_RANGES
2021-02-08,92.93,626.51,88.7,0.634,0.791,SYNTHETIC_PROTOTYPE_CALIBRATED_TO_PUBLIC_MARKET_FACTOR_RANGES
2021-02-09,100.05,637.51,85.92,0.326,0.756,SYNTHETIC_PROTOTYPE_CALIBRATED_TO_PUBLIC_MARKET_FACTOR_RANGES
2021-02-10,100.25,644.81,91.04,0.44,0.744,SYNTHETIC_PROTOTYPE_CALIBRATED_TO_PUBLIC_MARKET_FACTOR_RANGES
2021-02-11,98.96,632.6,82.77,0.57,0.79,SYNTHETIC_PROTOTYPE_CALIBRATED_TO_PUBLIC_MARKET_FACTOR_RANGES
2021-02-12,92.62,658.81,90.95,0.354,0.723,SYNTHETIC_PROTOTYPE_CALIBRATED_TO_PUBLIC_MARKET_FACTOR_RANGES
2021-02-13,96.8,625.44,86.77,0.515,0.799,SYNTHETIC_PROTOTYPE_CALIBRATED_TO_PUBLIC_MARKET_FACTOR_RANGES
2021-02-14,95.9,633.0,97.83,0.568,0.749,SYNTHETIC_PROTOTYPE_CALIBRATED_TO_PUBLIC_MARKET_FACTOR_RANGES
2021-02-15,96.09,618.56,80.11,0.476,0.813,SYNTHETIC_PROTOTYPE_CALIBRATED_TO_PUBLIC_MARKET_FACTOR_RANGES
2021-02-16,99.04,622.87,82.25,0.514,0.75,SYNTHETIC_PROTOTYPE_CALIBRATED_TO_PUBLIC_MARKET_FACTOR_RANGES
2021-02-17,95.48,628.93,86.81,0.611,0.791,SYNTHETIC_PROTOTYPE_CALIBRATED_TO_PUBLIC_MARKET_FACTOR_RANGES
2021-02-18,97.45,634.86,86.84,0.625,0.772,SYNTHETIC_PROTOTYPE_CALIBRATED_TO_PUBLIC_MARKET_FACTOR_RANGES
2021-02-19,94.09,627.22,93.18,0.464,0.794,SYNTHETIC_PROTOTYPE_CALIBRATED_TO_PUBLIC_MARKET_FACTOR_RANGES
2021-02-20,94.92,637.11,82.82,0.426,0.767,SYNTHETIC_PROTOTYPE_CALIBRATED_TO_PUBLIC_MARKET_FACTOR_RANGES
2021-02-21,96.36,619.4,89.22,0.394,0.696,SYNTHETIC_PROTOTYPE_CALIBRATED_TO_PUBLIC_MARKET_FACTOR_RANGES
2021-02-22,85.66,615.02,90.36,0.545,0.802,SYNTHETIC_PROTOTYPE_CALIBRATED_TO_PUBLIC_MARKET_FACTOR_RANGES
2021-02-23,91.12,649.85,88.63,0.356,0.757,SYNTHETIC_PROTOTYPE_CALIBRATED_TO_PUBLIC_MARKET_FACTOR_RANGES
2021-02-24,90.16,620.48,82.06,0.444,0.791,SYNTHETIC_PROTOTYPE_CALIBRATED_TO_PUBLIC_MARKET_FACTOR_RANGES
2021-02-25,89.14,605.4,91.63,0.471,0.786,SYNTHETIC_PROTOTYPE_CALIBRATED_TO_PUBLIC_MARKET_FACTOR_RANGES
2021-02-26,90.82,603.94,91.01,0.421,0.727,SYNTHETIC_PROTOTYPE_CALIBRATED_TO_PUBLIC_MARKET_FACTOR_RANGES
2021-02-27,99.55,599.16,88.58,0.482,0.72,SYNTHETIC_PROTOTYPE_CALIBRATED_TO_PUBLIC_MARKET_FACTOR_RANGES
2021-02-28,87.67,619.86,87.08,0.663,0.782,SYNTHETIC_PROTOTYPE_CALIBRATED_TO_PUBLIC_MARKET_FACTOR_RANGES
2021-03-01,96.8,602.37,87.24,0.446,0.742,SYNTHETIC_PROTOTYPE_CALIBRATED_TO_PUBLIC_MARKET_FACTOR_RANGES
2021-03-02,83.54,606.36,86.1,0.419,0.791,SYNTHETIC_PROTOTYPE_CALIBRATED_TO_PUBLIC_MARKET_FACTOR_RANGES
2021-03-03,90.32,602.13,89.05,0.533,0.745,SYNTHETIC_PROTOTYPE_CALIBRATED_TO_PUBLIC_MARKET_FACTOR_RANGES
2021-03-04,92.88,609.71,86.67,0.469,0.792,SYNTHETIC_PROTOTYPE_CALIBRATED_TO_PUBLIC_MARKET_FACTOR_RANGES
2021-03-05,95.12,588.8,83.21,0.562,0.767,SYNTHETIC_PROTOTYPE_CALIBRATED_TO_PUBLIC_MARKET_FACTOR_RANGES
2021-03-06,95.92,584.07,82.47,0.458,0.761,SYNTHETIC_PROTOTYPE_CALIBRATED_TO_PUBLIC_MARKET_FACTOR_RANGES
2021-03-07,96.54,597.69,83.71,0.422,0.733,SYNTHETIC_PROTOTYPE_CALIBRATED_TO_PUBLIC_MARKET_FACTOR_RANGES
2021-03-08,91.09,600.22,87.65,0.296,0.756,SYNTHETIC_PROTOTYPE_CALIBRATED_TO_PUBLIC_MARKET_FACTOR_RANGES
2021-03-09,90.82,595.02,86.7,0.307,0.794,SYNTHETIC_PROTOTYPE_CALIBRATED_TO_PUBLIC_MARKET_FACTOR_RANGES
2021-03-10,97.78,579.34,87.71,0.287,0.743,SYNTHETIC_PROTOTYPE_CALIBRATED_TO_PUBLIC_MARKET_FACTOR_RANGES
2021-03-11,92.93,595.22,88.88,0.461,0.765,SYNTHETIC_PROTOTYPE_CALIBRATED_TO_PUBLIC_MARKET_FACTOR_RANGES
2021-03-12,87.95,576.23,84.4,0.318,0.744,SYNTHETIC_PROTOTYPE_CALIBRATED_TO_PUBLIC_MARKET_FACTOR_RANGES
2021-03-13,89.15,576.98,92.8,0.524,0.746,SYNTHETIC_PROTOTYPE_CALIBRATED_TO_PUBLIC_MARKET_FACTOR_RANGES
2021-03-14,90.75,570.02,85.89,0.423,0.809,SYNTHETIC_PROTOTYPE_CALIBRATED_TO_PUBLIC_MARKET_FACTOR_RANGES
2021-03-15,98.41,595.11,85.24,0.398,0.787,SYNTHETIC_PROTOTYPE_CALIBRATED_TO_PUBLIC_MARKET_FACTOR_RANGES
2021-03-16,97.25,585.28,88.92,0.346,0.741,SYNTHETIC_PROTOTYPE_CALIBRATED_TO_PUBLIC_MARKET_FACTOR_RANGES
2021-03-17,100.65,583.16,79.65,0.46,0.745,SYNTHETIC_PROTOTYPE_CALIBRATED_TO_PUBLIC_MARKET_FACTOR_RANGES
2021-03-18,95.76,589.13,83.84,0.342,0.707,SYNTHETIC_PROTOTYPE_CALIBRATED_TO_PUBLIC_MARKET_FACTOR_RANGES
2021-03-19,99.42,606.23,90.92,0.324,0.727,SYNTHETIC_PROTOTYPE_CALIBRATED_TO_PUBLIC_MARKET_FACTOR_RANGES
2021-03-20,102.53,550.33,80.04,0.494,0.745,SYNTHETIC_PROTOTYPE_CALIBRATED_TO_PUBLIC_MARKET_FACTOR_RANGES
2021-03-21,98.65,560.39,91.45,0.423,0.766,SYNTHETIC_PROTOTYPE_CALIBRATED_TO_PUBLIC_MARKET_FACTOR_RANGES
2021-03-22,103.32,560.34,93.01,0.372,0.76,SYNTHETIC_PROTOTYPE_CALIBRATED_TO_PUBLIC_MARKET_FACTOR_RANGES
2021-03-23,98.58,556.05,85.47,0.438,0.685,SYNTHETIC_PROTOTYPE_CALIBRATED_TO_PUBLIC_MARKET_FACTOR_RANGES
2021-03-24,100.96,551.93,88.1,0.384,0.767,SYNTHETIC_PROTOTYPE_CALIBRATED_TO_PUBLIC_MARKET_FACTOR_RANGES
2021-03-25,101.78,559.93,91.38,0.41,0.723,SYNTHETIC_PROTOTYPE_CALIBRATED_TO_PUBLIC_MARKET_FACTOR_RANGES
2021-03-26,98.63,547.65,85.0,0.31,0.686,SYNTHETIC_PROTOTYPE_CALIBRATED_TO_PUBLIC_MARKET_FACTOR_RANGES
2021-03-27,107.99,565.07,90.3,0.536,0.777,SYNTHETIC_PROTOTYPE_CALIBRATED_TO_PUBLIC_MARKET_FACTOR_RANGES
2021-03-28,104.16,560.54,84.11,0.32,0.781,SYNTHETIC_PROTOTYPE_CALIBRATED_TO_PUBLIC_MARKET_FACTOR_RANGES
2021-03-29,107.53,564.63,84.84,0.487,0.732,SYNTHETIC_PROTOTYPE_CALIBRATED_TO_PUBLIC_MARKET_FACTOR_RANGES
2021-03-30,110.84,563.97,83.5,0.343,0.748,SYNTHETIC_PROTOTYPE_CALIBRATED_TO_PUBLIC_MARKET_FACTOR_RANGES
2021-03-31,111.64,564.2,88.01,0.419,0.749,SYNTHETIC_PROTOTYPE_CALIBRATED_TO_PUBLIC_MARKET_FACTOR_RANGES
2021-04-01,113.71,551.64,91.22,0.409,0.773,SYNTHETIC_PROTOTYPE_CALIBRATED_TO_PUBLIC_MARKET_FACTOR_RANGES
2021-04-02,110.85,580.81,85.79,0.438,0.745,SYNTHETIC_PROTOTYPE_CALIBRATED_TO_PUBLIC_MARKET_FACTOR_RANGES
2021-04-03,110.19,557.48,81.37,0.274,0.661,SYNTHETIC_PROTOTYPE_CALIBRATED_TO_PUBLIC_MARKET_FACTOR_RANGES
2021-04-04,112.85,531.71,82.06,0.424,0.794,SYNTHETIC_PROTOTYPE_CALIBRATED_TO_PUBLIC_MARKET_FACTOR_RANGES
2021-04-05,105.74,541.49,87.89,0.481,0.754,SYNTHETIC_PROTOTYPE_CALIBRATED_TO_PUBLIC_MARKET_FACTOR_RANGES
2021-04-06,107.86,532.17,93.61,0.308,0.69,SYNTHETIC_PROTOTYPE_CALIBRATED_TO_PUBLIC_MARKET_FACTOR_RANGES
2021-04-07,109.37,552.87,87.72,0.328,0.668,SYNTHETIC_PROTOTYPE_CALIBRATED_TO_PUBLIC_MARKET_FACTOR_RANGES
2021-04-08,111.87,550.88,84.51,0.279,0.728,SYNTHETIC_PROTOTYPE_CALIBRATED_TO_PUBLIC_MARKET_FACTOR_RANGES
2021-04-09,119.69,546.47,89.03,0.289,0.695,SYNTHETIC_PROTOTYPE_CALIBRATED_TO_PUBLIC_MARKET_FACTOR_RANGES
2021-04-10,113.97,576.04,84.91,0.45,0.718,SYNTHETIC_PROTOTYPE_CALIBRATED_TO_PUBLIC_MARKET_FACTOR_RANGES
2021-04-11,117.38,558.38,84.26,0.229,0.733,SYNTHETIC_PROTOTYPE_CALIBRATED_TO_PUBLIC_MARKET_FACTOR_RANGES
2021-04-12,126.51,560.46,81.83,0.23,0.68,SYNTHETIC_PROTOTYPE_CALIBRATED_TO_PUBLIC_MARKET_FACTOR_RANGES
2021-04-13,118.93,540.58,91.19,0.43,0.656,SYNTHETIC_PROTOTYPE_CALIBRATED_TO_PUBLIC_MARKET_FACTOR_RANGES
2021-04-14,125.05,539.84,75.29,0.347,0.715,SYNTHETIC_PROTOTYPE_CALIBRATED_TO_PUBLIC_MARKET_FACTOR_RANGES
2021-04-15,117.31,552.4,88.52,0.463,0.677,SYNTHETIC_PROTOTYPE_CALIBRATED_TO_PUBLIC_MARKET_FACTOR_RANGES
2021-04-16,121.52,554.22,83.36,0.254,0.703,SYNTHETIC_PROTOTYPE_CALIBRATED_TO_PUBLIC_MARKET_FACTOR_RANGES
2021-04-17,118.31,530.1,83.44,0.297,0.642,SYNTHETIC_PROTOTYPE_CALIBRATED_TO_PUBLIC_MARKET_FACTOR_RANGES
2021-04-18,121.84,550.49,91.73,0.23,0.684,SYNTHETIC_PROTOTYPE_CALIBRATED_TO_PUBLIC_MARKET_FACTOR_RANGES
2021-04-19,128.15,553.15,81.97,0.291,0.721,SYNTHETIC_PROTOTYPE_CALIBRATED_TO_PUBLIC_MARKET_FACTOR_RANGES
2021-04-20,115.68,550.77,81.97,0.134,0.715,SYNTHETIC_PROTOTYPE_CALIBRATED_TO_PUBLIC_MARKET_FACTOR_RANGES
2021-04-21,126.8,543.99,84.03,0.328,0.658,SYNTHETIC_PROTOTYPE_CALIBRATED_TO_PUBLIC_MARKET_FACTOR_RANGES
2021-04-22,126.08,547.72,86.06,0.296,0.642,SYNTHETIC_PROTOTYPE_CALIBRATED_TO_PUBLIC_MARKET_FACTOR_RANGES
2021-04-23,122.13,552.53,82.49,0.262,0.688,SYNTHETIC_PROTOTYPE_CALIBRATED_TO_PUBLIC_MARKET_FACTOR_RANGES
2021-04-24,118.02,556.23,77.82,0.232,0.708,SYNTHETIC_PROTOTYPE_CALIBRATED_TO_PUBLIC_MARKET_FACTOR_RANGES
2021-04-25,125.71,562.91,80.49,0.189,0.701,SYNTHETIC_PROTOTYPE_CALIBRATED_TO_PUBLIC_MARKET_FACTOR_RANGES
2021-04-26,122.74,569.15,88.92,0.316,0.663,SYNTHETIC_PROTOTYPE_CALIBRATED_TO_PUBLIC_MARKET_FACTOR_RANGES
2021-04-27,126.54,553.19,83.94,0.162,0.694,SYNTHETIC_PROTOTYPE_CALIBRATED_TO_PUBLIC_MARKET_FACTOR_RANGES
2021-04-28,125.42,551.79,85.28,0.294,0.741,SYNTHETIC_PROTOTYPE_CALIBRATED_TO_PUBLIC_MARKET_FACTOR_RANGES
2021-04-29,133.2,563.06,82.26,0.416,0.687,SYNTHETIC_PROTOTYPE_CALIBRATED_TO_PUBLIC_MARKET_FACTOR_RANGES
2021-04-30,123.82,565.68,80.5,0.367,0.612,SYNTHETIC_PROTOTYPE_CALIBRATED_TO_PUBLIC_MARKET_FACTOR_RANGES
2021-05-01,119.68,553.68,89.67,0.126,0.685,SYNTHETIC_PROTOTYPE_CALIBRATED_TO_PUBLIC_MARKET_FACTOR_RANGES
2021-05-02,125.43,568.9,82.03,0.201,0.757,SYNTHETIC_PROTOTYPE_CALIBRATED_TO_PUBLIC_MARKET_FACTOR_RANGES
2021-05-03,125.32,571.68,80.83,0.276,0.622,SYNTHETIC_PROTOTYPE_CALIBRATED_TO_PUBLIC_MARKET_FACTOR_RANGES
2021-05-04,130.65,575.92,86.8,0.235,0.674,SYNTHETIC_PROTOTYPE_CALIBRATED_TO_PUBLIC_MARKET_FACTOR_RANGES
2021-05-05,127.63,582.22,79.34,0.127,0.662,SYNTHETIC_PROTOTYPE_CALIBRATED_TO_PUBLIC_MARKET_FACTOR_RANGES
2021-05-06,124.8,550.92,79.66,0.268,0.674,SYNTHETIC_PROTOTYPE_CALIBRATED_TO_PUBLIC_MARKET_FACTOR_RANGES
2021-05-07,129.85,561.88,81.89,0.235,0.676,SYNTHETIC_PROTOTYPE_CALIBRATED_TO_PUBLIC_MARKET_FACTOR_RANGES
2021-05-08,116.07,562.21,81.65,0.388,0.713,SYNTHETIC_PROTOTYPE_CALIBRATED_TO_PUBLIC_MARKET_FACTOR_RANGES
2021-05-09,118.27,561.21,82.49,0.213,0.67,SYNTHETIC_PROTOTYPE_CALIBRATED_TO_PUBLIC_MARKET_FACTOR_RANGES
2021-05-10,116.26,554.87,89.62,0.326,0.716,SYNTHETIC_PROTOTYPE_CALIBRATED_TO_PUBLIC_MARKET_FACTOR_RANGES
2021-05-11,118.34,545.05,82.39,0.13,0.659,SYNTHETIC_PROTOTYPE_CALIBRATED_TO_PUBLIC_MARKET_FACTOR_RANGES
2021-05-12,112.78,564.15,71.33,0.149,0.648,SYNTHETIC_PROTOTYPE_CALIBRATED_TO_PUBLIC_MARKET_FACTOR_RANGES
2021-05-13,122.19,553.93,81.93,0.288,0.635,SYNTHETIC_PROTOTYPE_CALIBRATED_TO_PUBLIC_MARKET_FACTOR_RANGES
2021-05-14,117.24,564.22,80.57,0.317,0.587,SYNTHETIC_PROTOTYPE_CALIBRATED_TO_PUBLIC_MARKET_FACTOR_RANGES
2021-05-15,110.33,553.63,80.37,0.153,0.67,SYNTHETIC_PROTOTYPE_CALIBRATED_TO_PUBLIC_MARKET_FACTOR_RANGES
2021-05-16,111.92,549.87,80.97,0.232,0.74,SYNTHETIC_PROTOTYPE_CALIBRATED_TO_PUBLIC_MARKET_FACTOR_RANGES
2021-05-17,117.87,565.71,79.65,0.12,0.675,SYNTHETIC_PROTOTYPE_CALIBRATED_TO_PUBLIC_MARKET_FACTOR_RANGES
2021-05-18,119.8,564.46,79.33,0.216,0.683,SYNTHETIC_PROTOTYPE_CALIBRATED_TO_PUBLIC_MARKET_FACTOR_RANGES
2021-05-19,124.9,569.28,81.77,0.298,0.638,SYNTHETIC_PROTOTYPE_CALIBRATED_TO_PUBLIC_MARKET_FACTOR_RANGES
2021-05-20,128.79,588.15,76.92,0.196,0.643,SYNTHETIC_PROTOTYPE_CALIBRATED_TO_PUBLIC_MARKET_FACTOR_RANGES
2021-05-21,115.61,564.76,75.07,0.212,0.691,SYNTHETIC_PROTOTYPE_CALIBRATED_TO_PUBLIC_MARKET_FACTOR_RANGES
2021-05-22,107.91,566.67,90.73,0.142,0.731,SYNTHETIC_PROTOTYPE_CALIBRATED_TO_PUBLIC_MARKET_FACTOR_RANGES
2021-05-23,101.54,547.26,75.54,0.182,0.709,SYNTHETIC_PROTOTYPE_CALIBRATED_TO_PUBLIC_MARKET_FACTOR_RANGES
2021-05-24,112.89,543.99,78.57,0.375,0.681,SYNTHETIC_PROTOTYPE_CALIBRATED_TO_PUBLIC_MARKET_FACTOR_RANGES
2021-05-25,106.87,577.58,71.95,0.242,0.649,SYNTHETIC_PROTOTYPE_CALIBRATED_TO_PUBLIC_MARKET_FACTOR_RANGES
2021-05-26,108.25,546.56,78.16,0.157,0.655,SYNTHETIC_PROTOTYPE_CALIBRATED_TO_PUBLIC_MARKET_FACTOR_RANGES
2021-05-27,106.69,544.08,73.72,0.214,0.616,SYNTHETIC_PROTOTYPE_CALIBRATED_TO_PUBLIC_MARKET_FACTOR_RANGES
2021-05-28,108.49,555.01,75.44,0.113,0.587,SYNTHETIC_PROTOTYPE_CALIBRATED_TO_PUBLIC_MARKET_FACTOR_RANGES
2021-05-29,114.01,553.18,81.15,0.161,0.599,SYNTHETIC_PROTOTYPE_CALIBRATED_TO_PUBLIC_MARKET_FACTOR_RANGES
2021-05-30,108.97,542.11,78.61,0.353,0.645,SYNTHETIC_PROTOTYPE_CALIBRATED_TO_PUBLIC_MARKET_FACTOR_RANGES
2021-05-31,106.94,547.87,78.75,0.235,0.63,SYNTHETIC_PROTOTYPE_CALIBRATED_TO_PUBLIC_MARKET_FACTOR_RANGES
2021-06-01,102.14,564.77,69.15,0.399,0.582,SYNTHETIC_PROTOTYPE_CALIBRATED_TO_PUBLIC_MARKET_FACTOR_RANGES
2021-06-02,98.56,538.75,83.33,0.243,0.638,SYNTHETIC_PROTOTYPE_CALIBRATED_TO_PUBLIC_MARKET_FACTOR_RANGES
2021-06-03,104.16,530.0,70.97,0.25,0.626,SYNTHETIC_PROTOTYPE_CALIBRATED_TO_PUBLIC_MARKET_FACTOR_RANGES
2021-06-04,106.02,556.24,81.6,0.307,0.591,SYNTHETIC_PROTOTYPE_CALIBRATED_TO_PUBLIC_MARKET_FACTOR_RANGES
2021-06-05,114.86,548.96,79.32,0.044,0.622,SYNTHETIC_PROTOTYPE_CALIBRATED_TO_PUBLIC_MARKET_FACTOR_RANGES
2021-06-06,106.46,533.64,77.29,0.277,0.624,SYNTHETIC_PROTOTYPE_CALIBRATED_TO_PUBLIC_MARKET_FACTOR_RANGES
2021-06-07,110.54,520.04,71.31,0.26,0.611,SYNTHETIC_PROTOTYPE_CALIBRATED_TO_PUBLIC_MARKET_FACTOR_RANGES
2021-06-08,103.0,527.95,75.08,0.386,0.672,SYNTHETIC_PROTOTYPE_CALIBRATED_TO_PUBLIC_MARKET_FACTOR_RANGES
2021-06-09,99.48,534.0,72.33,0.347,0.558,SYNTHETIC_PROTOTYPE_CALIBRATED_TO_PUBLIC_MARKET_FACTOR_RANGES
2021-06-10,100.53,546.34,74.08,0.182,0.554,SYNTHETIC_PROTOTYPE_CALIBRATED_TO_PUBLIC_MARKET_FACTOR_RANGES
2021-06-11,101.72,517.53,72.71,0.375,0.633,SYNTHETIC_PROTOTYPE_CALIBRATED_TO_PUBLIC_MARKET_FACTOR_RANGES
2021-06-12,116.02,526.5,65.29,0.258,0.636,SYNTHETIC_PROTOTYPE_CALIBRATED_TO_PUBLIC_MARKET_FACTOR_RANGES
2021-06-13,101.34,533.08,77.68,0.211,0.647,SYNTHETIC_PROTOTYPE_CALIBRATED_TO_PUBLIC_MARKET_FACTOR_RANGES
2021-06-14,109.76,493.81,72.61,0.302,0.609,SYNTHETIC_PROTOTYPE_CALIBRATED_TO_PUBLIC_MARKET_FACTOR_RANGES
2021-06-15,101.2,532.12,70.74,0.274,0.593,SYNTHETIC_PROTOTYPE_CALIBRATED_TO_PUBLIC_MARKET_FACTOR_RANGES
2021-06-16,110.56,502.81,70.18,0.417,0.629,SYNTHETIC_PROTOTYPE_CALIBRATED_TO_PUBLIC_MARKET_FACTOR_RANGES
2021-06-17,108.05,518.2,73.6,0.325,0.611,SYNTHETIC_PROTOTYPE_CALIBRATED_TO_PUBLIC_MARKET_FACTOR_RANGES
2021-06-18,105.6,514.35,68.33,0.318,0.69,SYNTHETIC_PROTOTYPE_CALIBRATED_TO_PUBLIC_MARKET_FACTOR_RANGES
2021-06-19,106.46,521.52,62.62,0.377,0.614,SYNTHETIC_PROTOTYPE_CALIBRATED_TO_PUBLIC_MARKET_FACTOR_RANGES
2021-06-20,103.71,512.2,73.02,0.396,0.625,SYNTHETIC_PROTOTYPE_CALIBRATED_TO_PUBLIC_MARKET_FACTOR_RANGES
2021-06-21,109.55,474.1,73.21,0.376,0.725,SYNTHETIC_PROTOTYPE_CALIBRATED_TO_PUBLIC_MARKET_FACTOR_RANGES
2021-06-22,105.41,490.21,70.07,0.43,0.618,SYNTHETIC_PROTOTYPE_CALIBRATED_TO_PUBLIC_MARKET_FACTOR_RANGES
2021-06-23,101.94,498.26,66.02,0.37,0.647,SYNTHETIC_PROTOTYPE_CALIBRATED_TO_PUBLIC_MARKET_FACTOR_RANGES
2021-06-24,102.08,491.22,70.71,0.338,0.651,SYNTHETIC_PROTOTYPE_CALIBRATED_TO_PUBLIC_MARKET_FACTOR_RANGES
2021-06-25,109.75,496.23,64.24,0.428,0.653,SYNTHETIC_PROTOTYPE_CALIBRATED_TO_PUBLIC_MARKET_FACTOR_RANGES
2021-06-26,117.21,496.89,65.74,0.326,0.635,SYNTHETIC_PROTOTYPE_CALIBRATED_TO_PUBLIC_MARKET_FACTOR_RANGES
2021-06-27,110.55,491.63,66.59,0.34,0.631,SYNTHETIC_PROTOTYPE_CALIBRATED_TO_PUBLIC_MARKET_FACTOR_RANGES
2021-06-28,109.6,478.67,72.71,0.479,0.627,SYNTHETIC_PROTOTYPE_CALIBRATED_TO_PUBLIC_MARKET_FACTOR_RANGES
2021-06-29,112.06,455.99,67.63,0.476,0.6,SYNTHETIC_PROTOTYPE_CALIBRATED_TO_PUBLIC_MARKET_FACTOR_RANGES
2021-06-30,117.6,469.6,67.04,0.349,0.635,SYNTHETIC_PROTOTYPE_CALIBRATED_TO_PUBLIC_MARKET_FACTOR_RANGES
2021-07-01,112.61,477.0,76.4,0.318,0.703,SYNTHETIC_PROTOTYPE_CALIBRATED_TO_PUBLIC_MARKET_FACTOR_RANGES
2021-07-02,109.89,455.87,69.74,0.475,0.67,SYNTHETIC_PROTOTYPE_CALIBRATED_TO_PUBLIC_MARKET_FACTOR_RANGES
2021-07-03,117.89,473.51,69.43,0.427,0.634,SYNTHETIC_PROTOTYPE_CALIBRATED_TO_PUBLIC_MARKET_FACTOR_RANGES
2021-07-04,114.9,473.84,66.35,0.392,0.655,SYNTHETIC_PROTOTYPE_CALIBRATED_TO_PUBLIC_MARKET_FACTOR_RANGES
2021-07-05,120.82,461.5,65.2,0.345,0.586,SYNTHETIC_PROTOTYPE_CALIBRATED_TO_PUBLIC_MARKET_FACTOR_RANGES
2021-07-06,114.42,420.29,58.59,0.401,0.61,SYNTHETIC_PROTOTYPE_CALIBRATED_TO_PUBLIC_MARKET_FACTOR_RANGES
2021-07-07,107.73,438.85,70.97,0.377,0.658,SYNTHETIC_PROTOTYPE_CALIBRATED_TO_PUBLIC_MARKET_FACTOR_RANGES
2021-07-08,107.32,474.0,68.64,0.33,0.68,SYNTHETIC_PROTOTYPE_CALIBRATED_TO_PUBLIC_MARKET_FACTOR_RANGES
2021-07-09,122.7,442.03,65.89,0.397,0.589,SYNTHETIC_PROTOTYPE_CALIBRATED_TO_PUBLIC_MARKET_FACTOR_RANGES
2021-07-10,123.31,422.07,65.82,0.412,0.601,SYNTHETIC_PROTOTYPE_CALIBRATED_TO_PUBLIC_MARKET_FACTOR_RANGES
2021-07-11,114.01,458.06,69.07,0.365,0.707,SYNTHETIC_PROTOTYPE_CALIBRATED_TO_PUBLIC_MARKET_FACTOR_RANGES
2021-07-12,113.17,440.82,59.67,0.471,0.624,SYNTHETIC_PROTOTYPE_CALIBRATED_TO_PUBLIC_MARKET_FACTOR_RANGES
2021-07-13,122.53,451.42,63.3,0.506,0.693,SYNTHETIC_PROTOTYPE_CALIBRATED_TO_PUBLIC_MARKET_FACTOR_RANGES
2021-07-14,109.78,439.06,60.88,0.484,0.628,SYNTHETIC_PROTOTYPE_CALIBRATED_TO_PUBLIC_MARKET_FACTOR_RANGES
2021-07-15,110.9,438.9,72.28,0.388,0.63,SYNTHETIC_PROTOTYPE_CALIBRATED_TO_PUBLIC_MARKET_FACTOR_RANGES
2021-07-16,118.59,435.5,68.47,0.474,0.608,SYNTHETIC_PROTOTYPE_CALIBRATED_TO_PUBLIC_MARKET_FACTOR_RANGES
2021-07-17,113.36,437.35,55.93,0.423,0.658,SYNTHETIC_PROTOTYPE_CALIBRATED_TO_PUBLIC_MARKET_FACTOR_RANGES
2021-07-18,115.22,454.23,58.46,0.322,0.675,SYNTHETIC_PROTOTYPE_CALIBRATED_TO_PUBLIC_MARKET_FACTOR_RANGES
2021-07-19,114.29,436.58,63.76,0.478,0.579,SYNTHETIC_PROTOTYPE_CALIBRATED_TO_PUBLIC_MARKET_FACTOR_RANGES
2021-07-20,116.6,404.09,62.18,0.439,0.606,SYNTHETIC_PROTOTYPE_CALIBRATED_TO_PUBLIC_MARKET_FACTOR_RANGES
2021-07-21,121.71,426.64,58.56,0.638,0.657,SYNTHETIC_PROTOTYPE_CALIBRATED_TO_PUBLIC_MARKET_FACTOR_RANGES
2021-07-22,114.83,433.31,71.42,0.55,0.616,SYNTHETIC_PROTOTYPE_CALIBRATED_TO_PUBLIC_MARKET_FACTOR_RANGES
2021-07-23,117.26,432.49,64.68,0.493,0.601,SYNTHETIC_PROTOTYPE_CALIBRATED_TO_PUBLIC_MARKET_FACTOR_RANGES
2021-07-24,103.39,411.49,65.11,0.459,0.662,SYNTHETIC_PROTOTYPE_CALIBRATED_TO_PUBLIC_MARKET_FACTOR_RANGES
2021-07-25,112.95,429.25,60.24,0.455,0.666,SYNTHETIC_PROTOTYPE_CALIBRATED_TO_PUBLIC_MARKET_FACTOR_RANGES
2021-07-26,108.48,425.18,65.69,0.364,0.604,SYNTHETIC_PROTOTYPE_CALIBRATED_TO_PUBLIC_MARKET_FACTOR_RANGES
2021-07-27,106.06,443.81,61.08,0.308,0.631,SYNTHETIC_PROTOTYPE_CALIBRATED_TO_PUBLIC_MARKET_FACTOR_RANGES
2021-07-28,107.17,402.95,61.27,0.38,0.574,SYNTHETIC_PROTOTYPE_CALIBRATED_TO_PUBLIC_MARKET_FACTOR_RANGES
2021-07-29,109.25,404.98,64.65,0.448,0.587,SYNTHETIC_PROTOTYPE_CALIBRATED_TO_PUBLIC_MARKET_FACTOR_RANGES
2021-07-30,114.81,406.64,55.49,0.285,0.628,SYNTHETIC_PROTOTYPE_CALIBRATED_TO_PUBLIC_MARKET_FACTOR_RANGES
2021-07-31,102.86,403.79,68.21,0.412,0.625,SYNTHETIC_PROTOTYPE_CALIBRATED_TO_PUBLIC_MARKET_FACTOR_RANGES
2021-08-01,108.88,398.48,62.36,0.438,0.585,SYNTHETIC_PROTOTYPE_CALIBRATED_TO_PUBLIC_MARKET_FACTOR_RANGES
2021-08-02,105.49,375.6,66.57,0.442,0.596,SYNTHETIC_PROTOTYPE_CALIBRATED_TO_PUBLIC_MARKET_FACTOR_RANGES
2021-08-03,105.42,403.25,56.96,0.408,0.582,SYNTHETIC_PROTOTYPE_CALIBRATED_TO_PUBLIC_MARKET_FACTOR_RANGES
2021-08-04,111.18,412.73,57.39,0.435,0.643,SYNTHETIC_PROTOTYPE_CALIBRATED_TO_PUBLIC_MARKET_FACTOR_RANGES
2021-08-05,107.94,402.33,56.26,0.602,0.547,SYNTHETIC_PROTOTYPE_CALIBRATED_TO_PUBLIC_MARKET_FACTOR_RANGES
2021-08-06,110.98,431.53,61.74,0.518,0.586,SYNTHETIC_PROTOTYPE_CALIBRATED_TO_PUBLIC_MARKET_FACTOR_RANGES
2021-08-07,102.55,408.64,60.83,0.422,0.552,SYNTHETIC_PROTOTYPE_CALIBRATED_TO_PUBLIC_MARKET_FACTOR_RANGES
2021-08-08,98.84,424.26,58.55,0.462,0.644,SYNTHETIC_PROTOTYPE_CALIBRATED_TO_PUBLIC_MARKET_FACTOR_RANGES
2021-08-09,100.18,412.3,56.18,0.466,0.556,SYNTHETIC_PROTOTYPE_CALIBRATED_TO_PUBLIC_MARKET_FACTOR_RANGES
2021-08-10,101.47,419.58,55.02,0.407,0.63,SYNTHETIC_PROTOTYPE_CALIBRATED_TO_PUBLIC_MARKET_FACTOR_RANGES
2021-08-11,100.09,413.62,59.73,0.408,0.695,SYNTHETIC_PROTOTYPE_CALIBRATED_TO_PUBLIC_MARKET_FACTOR_RANGES
2021-08-12,92.72,427.4,57.91,0.551,0.697,SYNTHETIC_PROTOTYPE_CALIBRATED_TO_PUBLIC_MARKET_FACTOR_RANGES
2021-08-13,97.52,412.45,56.89,0.436,0.558,SYNTHETIC_PROTOTYPE_CALIBRATED_TO_PUBLIC_MARKET_FACTOR_RANGES
2021-08-14,97.13,418.64,65.67,0.382,0.643,SYNTHETIC_PROTOTYPE_CALIBRATED_TO_PUBLIC_MARKET_FACTOR_RANGES
2021-08-15,107.5,418.07,59.01,0.466,0.592,SYNTHETIC_PROTOTYPE_CALIBRATED_TO_PUBLIC_MARKET_FACTOR_RANGES
2021-08-16,103.23,411.3,64.29,0.479,0.585,SYNTHETIC_PROTOTYPE_CALIBRATED_TO_PUBLIC_MARKET_FACTOR_RANGES
2021-08-17,88.51,420.79,56.94,0.312,0.629,SYNTHETIC_PROTOTYPE_CALIBRATED_TO_PUBLIC_MARKET_FACTOR_RANGES
2021-08-18,90.29,443.99,59.92,0.466,0.683,SYNTHETIC_PROTOTYPE_CALIBRATED_TO_PUBLIC_MARKET_FACTOR_RANGES
2021-08-19,83.36,415.26,58.6,0.538,0.659,SYNTHETIC_PROTOTYPE_CALIBRATED_TO_PUBLIC_MARKET_FACTOR_RANGES
2021-08-20,86.7,424.94,51.91,0.503,0.607,SYNTHETIC_PROTOTYPE_CALIBRATED_TO_PUBLIC_MARKET_FACTOR_RANGES
2021-08-21,90.23,436.46,64.3,0.645,0.665,SYNTHETIC_PROTOTYPE_CALIBRATED_TO_PUBLIC_MARKET_FACTOR_RANGES
2021-08-22,93.7,436.58,57.93,0.565,0.548,SYNTHETIC_PROTOTYPE_CALIBRATED_TO_PUBLIC_MARKET_FACTOR_RANGES
2021-08-23,83.07,424.63,61.34,0.58,0.608,SYNTHETIC_PROTOTYPE_CALIBRATED_TO_PUBLIC_MARKET_FACTOR_RANGES
2021-08-24,82.52,397.54,55.25,0.687,0.606,SYNTHETIC_PROTOTYPE_CALIBRATED_TO_PUBLIC_MARKET_FACTOR_RANGES
2021-08-25,74.16,434.03,57.49,0.522,0.643,SYNTHETIC_PROTOTYPE_CALIBRATED_TO_PUBLIC_MARKET_FACTOR_RANGES
2021-08-26,83.22,402.94,54.59,0.473,0.633,SYNTHETIC_PROTOTYPE_CALIBRATED_TO_PUBLIC_MARKET_FACTOR_RANGES
2021-08-27,77.9,448.99,62.91,0.536,0.636,SYNTHETIC_PROTOTYPE_CALIBRATED_TO_PUBLIC_MARKET_FACTOR_RANGES
2021-08-28,79.78,435.2,59.12,0.411,0.636,SYNTHETIC_PROTOTYPE_CALIBRATED_TO_PUBLIC_MARKET_FACTOR_RANGES
2021-08-29,77.31,447.01,59.26,0.463,0.645,SYNTHETIC_PROTOTYPE_CALIBRATED_TO_PUBLIC_MARKET_FACTOR_RANGES
2021-08-30,80.52,426.06,63.14,0.4,0.666,SYNTHETIC_PROTOTYPE_CALIBRATED_TO_PUBLIC_MARKET_FACTOR_RANGES
2021-08-31,71.55,420.15,62.26,0.481,0.652,SYNTHETIC_PROTOTYPE_CALIBRATED_TO_PUBLIC_MARKET_FACTOR_RANGES
2021-09-01,72.4,443.81,60.62,0.395,0.635,SYNTHETIC_PROTOTYPE_CALIBRATED_TO_PUBLIC_MARKET_FACTOR_RANGES
2021-09-02,89.83,442.2,51.81,0.39,0.664,SYNTHETIC_PROTOTYPE_CALIBRATED_TO_PUBLIC_MARKET_FACTOR_RANGES
2021-09-03,72.24,438.62,54.65,0.475,0.682,SYNTHETIC_PROTOTYPE_CALIBRATED_TO_PUBLIC_MARKET_FACTOR_RANGES
2021-09-04,72.73,447.46,53.35,0.428,0.628,SYNTHETIC_PROTOTYPE_CALIBRATED_TO_PUBLIC_MARKET_FACTOR_RANGES
2021-09-05,86.99,481.57,60.23,0.282,0.649,SYNTHETIC_PROTOTYPE_CALIBRATED_TO_PUBLIC_MARKET_FACTOR_RANGES
2021-09-06,91.98,460.28,57.95,0.317,0.699,SYNTHETIC_PROTOTYPE_CALIBRATED_TO_PUBLIC_MARKET_FACTOR_RANGES
2021-09-07,71.29,464.75,51.66,0.339,0.609,SYNTHETIC_PROTOTYPE_CALIBRATED_TO_PUBLIC_MARKET_FACTOR_RANGES
2021-09-08,75.05,464.16,56.42,0.454,0.657,SYNTHETIC_PROTOTYPE_CALIBRATED_TO_PUBLIC_MARKET_FACTOR_RANGES
2021-09-09,78.39,473.64,51.16,0.555,0.532,SYNTHETIC_PROTOTYPE_CALIBRATED_TO_PUBLIC_MARKET_FACTOR_RANGES
2021-09-10,85.18,455.43,56.89,0.536,0.573,SYNTHETIC_PROTOTYPE_CALIBRATED_TO_PUBLIC_MARKET_FACTOR_RANGES
2021-09-11,71.49,434.84,50.46,0.6,0.55,SYNTHETIC_PROTOTYPE_CALIBRATED_TO_PUBLIC_MARKET_FACTOR_RANGES
2021-09-12,75.14,458.99,59.17,0.572,0.677,SYNTHETIC_PROTOTYPE_CALIBRATED_TO_PUBLIC_MARKET_FACTOR_RANGES
2021-09-13,80.24,472.71,58.55,0.594,0.57,SYNTHETIC_PROTOTYPE_CALIBRATED_TO_PUBLIC_MARKET_FACTOR_RANGES
2021-09-14,78.57,453.01,64.65,0.553,0.571,SYNTHETIC_PROTOTYPE_CALIBRATED_TO_PUBLIC_MARKET_FACTOR_RANGES
2021-09-15,74.59,464.15,60.4,0.517,0.578,SYNTHETIC_PROTOTYPE_CALIBRATED_TO_PUBLIC_MARKET_FACTOR_RANGES
2021-09-16,75.92,459.54,55.31,0.585,0.598,SYNTHETIC_PROTOTYPE_CALIBRATED_TO_PUBLIC_MARKET_FACTOR_RANGES
2021-09-17,69.87,487.39,60.27,0.567,0.582,SYNTHETIC_PROTOTYPE_CALIBRATED_TO_PUBLIC_MARKET_FACTOR_RANGES
2021-09-18,75.75,479.82,51.41,0.519,0.591,SYNTHETIC_PROTOTYPE_CALIBRATED_TO_PUBLIC_MARKET_FACTOR_RANGES
2021-09-19,75.84,480.05,53.16,0.587,0.456,SYNTHETIC_PROTOTYPE_CALIBRATED_TO_PUBLIC_MARKET_FACTOR_RANGES
2021-09-20,78.6,481.04,58.35,0.293,0.601,SYNTHETIC_PROTOTYPE_CALIBRATED_TO_PUBLIC_MARKET_FACTOR_RANGES
2021-09-21,74.95,474.41,48.4,0.454,0.601,SYNTHETIC_PROTOTYPE_CALIBRATED_TO_PUBLIC_MARKET_FACTOR_RANGES
2021-09-22,80.41,478.44,56.91,0.448,0.643,SYNTHETIC_PROTOTYPE_CALIBRATED_TO_PUBLIC_MARKET_FACTOR_RANGES
2021-09-23,83.45,462.99,53.0,0.561,0.655,SYNTHETIC_PROTOTYPE_CALIBRATED_TO_PUBLIC_MARKET_FACTOR_RANGES
2021-09-24,79.53,452.04,57.52,0.59,0.596,SYNTHETIC_PROTOTYPE_CALIBRATED_TO_PUBLIC_MARKET_FACTOR_RANGES
2021-09-25,80.89,481.08,52.83,0.345,0.638,SYNTHETIC_PROTOTYPE_CALIBRATED_TO_PUBLIC_MARKET_FACTOR_RANGES
2021-09-26,79.79,484.1,58.88,0.569,0.563,SYNTHETIC_PROTOTYPE_CALIBRATED_TO_PUBLIC_MARKET_FACTOR_RANGES
2021-09-27,79.93,495.58,57.3,0.358,0.639,SYNTHETIC_PROTOTYPE_CALIBRATED_TO_PUBLIC_MARKET_FACTOR_RANGES
2021-09-28,76.74,500.71,62.87,0.259,0.656,SYNTHETIC_PROTOTYPE_CALIBRATED_TO_PUBLIC_MARKET_FACTOR_RANGES
2021-09-29,82.35,501.4,57.35,0.327,0.633,SYNTHETIC_PROTOTYPE_CALIBRATED_TO_PUBLIC_MARKET_FACTOR_RANGES
2021-09-30,80.7,471.21,54.3,0.316,0.674,SYNTHETIC_PROTOTYPE_CALIBRATED_TO_PUBLIC_MARKET_FACTOR_RANGES
2021-10-01,92.06,479.52,56.45,0.213,0.739,SYNTHETIC_PROTOTYPE_CALIBRATED_TO_PUBLIC_MARKET_FACTOR_RANGES
2021-10-02,89.88,490.0,52.12,0.385,0.692,SYNTHETIC_PROTOTYPE_CALIBRATED_TO_PUBLIC_MARKET_FACTOR_RANGES
2021-10-03,84.34,515.03,59.19,0.384,0.746,SYNTHETIC_PROTOTYPE_CALIBRATED_TO_PUBLIC_MARKET_FACTOR_RANGES
2021-10-04,78.99,502.75,60.0,0.409,0.657,SYNTHETIC_PROTOTYPE_CALIBRATED_TO_PUBLIC_MARKET_FACTOR_RANGES
2021-10-05,77.61,498.69,67.6,0.286,0.731,SYNTHETIC_PROTOTYPE_CALIBRATED_TO_PUBLIC_MARKET_FACTOR_RANGES
2021-10-06,89.49,480.8,55.31,0.314,0.664,SYNTHETIC_PROTOTYPE_CALIBRATED_TO_PUBLIC_MARKET_FACTOR_RANGES
2021-10-07,85.18,474.99,56.81,0.31,0.7,SYNTHETIC_PROTOTYPE_CALIBRATED_TO_PUBLIC_MARKET_FACTOR_RANGES
2021-10-08,86.58,495.12,55.67,0.444,0.701,SYNTHETIC_PROTOTYPE_CALIBRATED_TO_PUBLIC_MARKET_FACTOR_RANGES
2021-10-09,75.74,472.44,58.92,0.078,0.721,SYNTHETIC_PROTOTYPE_CALIBRATED_TO_PUBLIC_MARKET_FACTOR_RANGES
2021-10-10,89.36,482.73,59.69,0.225,0.706,SYNTHETIC_PROTOTYPE_CALIBRATED_TO_PUBLIC_MARKET_FACTOR_RANGES
2021-10-11,87.22,484.09,58.05,0.298,0.667,SYNTHETIC_PROTOTYPE_CALIBRATED_TO_PUBLIC_MARKET_FACTOR_RANGES
2021-10-12,79.59,504.41,62.72,0.207,0.733,SYNTHETIC_PROTOTYPE_CALIBRATED_TO_PUBLIC_MARKET_FACTOR_RANGES
2021-10-13,82.95,480.81,56.01,0.269,0.769,SYNTHETIC_PROTOTYPE_CALIBRATED_TO_PUBLIC_MARKET_FACTOR_RANGES
2021-10-14,86.74,455.52,62.54,0.276,0.678,SYNTHETIC_PROTOTYPE_CALIBRATED_TO_PUBLIC_MARKET_FACTOR_RANGES
2021-10-15,85.77,490.51,60.87,0.23,0.629,SYNTHETIC_PROTOTYPE_CALIBRATED_TO_PUBLIC_MARKET_FACTOR_RANGES
2021-10-16,84.09,475.7,58.79,0.285,0.724,SYNTHETIC_PROTOTYPE_CALIBRATED_TO_PUBLIC_MARKET_FACTOR_RANGES
2021-10-17,85.04,484.19,57.7,0.326,0.692,SYNTHETIC_PROTOTYPE_CALIBRATED_TO_PUBLIC_MARKET_FACTOR_RANGES
2021-10-18,84.26,482.2,68.8,0.254,0.701,SYNTHETIC_PROTOTYPE_CALIBRATED_TO_PUBLIC_MARKET_FACTOR_RANGES
2021-10-19,86.2,479.48,55.96,0.233,0.73,SYNTHETIC_PROTOTYPE_CALIBRATED_TO_PUBLIC_MARKET_FACTOR_RANGES
2021-10-20,92.67,491.74,60.55,0.253,0.691,SYNTHETIC_PROTOTYPE_CALIBRATED_TO_PUBLIC_MARKET_FACTOR_RANGES
2021-10-21,72.31,463.33,56.5,0.263,0.7,SYNTHETIC_PROTOTYPE_CALIBRATED_TO_PUBLIC_MARKET_FACTOR_RANGES
2021-10-22,83.75,474.98,66.79,0.122,0.708,SYNTHETIC_PROTOTYPE_CALIBRATED_TO_PUBLIC_MARKET_FACTOR_RANGES
2021-10-23,85.57,488.83,63.34,0.295,0.772,SYNTHETIC_PROTOTYPE_CALIBRATED_TO_PUBLIC_MARKET_FACTOR_RANGES
2021-10-24,85.87,472.67,57.23,0.219,0.716,SYNTHETIC_PROTOTYPE_CALIBRATED_TO_PUBLIC_MARKET_FACTOR_RANGES
2021-10-25,82.2,460.16,62.15,0.354,0.667,SYNTHETIC_PROTOTYPE_CALIBRATED_TO_PUBLIC_MARKET_FACTOR_RANGES
2021-10-26,74.9,486.91,61.29,0.298,0.67,SYNTHETIC_PROTOTYPE_CALIBRATED_TO_PUBLIC_MARKET_FACTOR_RANGES
2021-10-27,84.91,491.78,58.36,0.342,0.724,SYNTHETIC_PROTOTYPE_CALIBRATED_TO_PUBLIC_MARKET_FACTOR_RANGES
2021-10-28,91.45,477.2,63.62,0.165,0.675,SYNTHETIC_PROTOTYPE_CALIBRATED_TO_PUBLIC_MARKET_FACTOR_RANGES
2021-10-29,74.66,453.65,62.32,0.214,0.659,SYNTHETIC_PROTOTYPE_CALIBRATED_TO_PUBLIC_MARKET_FACTOR_RANGES
2021-10-30,86.13,485.11,61.79,0.143,0.748,SYNTHETIC_PROTOTYPE_CALIBRATED_TO_PUBLIC_MARKET_FACTOR_RANGES
2021-10-31,79.61,456.2,60.94,0.184,0.751,SYNTHETIC_PROTOTYPE_CALIBRATED_TO_PUBLIC_MARKET_FACTOR_RANGES
2021-11-01,80.36,479.34,63.01,0.339,0.711,SYNTHETIC_PROTOTYPE_CALIBRATED_TO_PUBLIC_MARKET_FACTOR_RANGES
2021-11-02,74.79,464.52,62.39,0.356,0.738,SYNTHETIC_PROTOTYPE_CALIBRATED_TO_PUBLIC_MARKET_FACTOR_RANGES
2021-11-03,77.75,460.83,61.89,0.144,0.735,SYNTHETIC_PROTOTYPE_CALIBRATED_TO_PUBLIC_MARKET_FACTOR_RANGES
2021-11-04,85.26,469.06,59.28,0.198,0.753,SYNTHETIC_PROTOTYPE_CALIBRATED_TO_PUBLIC_MARKET_FACTOR_RANGES
2021-11-05,81.0,471.82,68.81,0.227,0.755,SYNTHETIC_PROTOTYPE_CALIBRATED_TO_PUBLIC_MARKET_FACTOR_RANGES
2021-11-06,86.05,466.0,58.03,0.279,0.628,SYNTHETIC_PROTOTYPE_CALIBRATED_TO_PUBLIC_MARKET_FACTOR_RANGES
2021-11-07,82.57,480.55,64.13,0.091,0.723,SYNTHETIC_PROTOTYPE_CALIBRATED_TO_PUBLIC_MARKET_FACTOR_RANGES
2021-11-08,78.16,467.95,61.34,0.103,0.755,SYNTHETIC_PROTOTYPE_CALIBRATED_TO_PUBLIC_MARKET_FACTOR_RANGES
2021-11-09,83.96,484.94,69.87,0.27,0.719,SYNTHETIC_PROTOTYPE_CALIBRATED_TO_PUBLIC_MARKET_FACTOR_RANGES
2021-11-10,76.7,476.49,59.42,0.074,0.738,SYNTHETIC_PROTOTYPE_CALIBRATED_TO_PUBLIC_MARKET_FACTOR_RANGES
2021-11-11,77.92,464.76,60.3,0.194,0.768,SYNTHETIC_PROTOTYPE_CALIBRATED_TO_PUBLIC_MARKET_FACTOR_RANGES
2021-11-12,71.57,462.82,59.57,0.243,0.742,SYNTHETIC_PROTOTYPE_CALIBRATED_TO_PUBLIC_MARKET_FACTOR_RANGES
2021-11-13,72.66,453.59,64.96,0.263,0.801,SYNTHETIC_PROTOTYPE_CALIBRATED_TO_PUBLIC_MARKET_FACTOR_RANGES
2021-11-14,68.13,477.08,58.39,0.219,0.787,SYNTHETIC_PROTOTYPE_CALIBRATED_TO_PUBLIC_MARKET_FACTOR_RANGES
2021-11-15,75.87,469.65,62.18,0.201,0.738,SYNTHETIC_PROTOTYPE_CALIBRATED_TO_PUBLIC_MARKET_FACTOR_RANGES
2021-11-16,64.35,445.83,55.71,0.299,0.736,SYNTHETIC_PROTOTYPE_CALIBRATED_TO_PUBLIC_MARKET_FACTOR_RANGES
2021-11-17,73.5,468.35,65.5,0.255,0.631,SYNTHETIC_PROTOTYPE_CALIBRATED_TO_PUBLIC_MARKET_FACTOR_RANGES
2021-11-18,67.99,464.53,62.77,0.181,0.733,SYNTHETIC_PROTOTYPE_CALIBRATED_TO_PUBLIC_MARKET_FACTOR_RANGES
2021-11-19,74.19,494.91,59.04,0.237,0.693,SYNTHETIC_PROTOTYPE_CALIBRATED_TO_PUBLIC_MARKET_FACTOR_RANGES
2021-11-20,71.51,456.32,69.57,0.265,0.757,SYNTHETIC_PROTOTYPE_CALIBRATED_TO_PUBLIC_MARKET_FACTOR_RANGES
2021-11-21,76.31,460.3,60.22,0.373,0.756,SYNTHETIC_PROTOTYPE_CALIBRATED_TO_PUBLIC_MARKET_FACTOR_RANGES
2021-11-22,70.35,491.85,68.88,0.3,0.778,SYNTHETIC_PROTOTYPE_CALIBRATED_TO_PUBLIC_MARKET_FACTOR_RANGES
2021-11-23,58.36,495.84,63.12,0.336,0.807,SYNTHETIC_PROTOTYPE_CALIBRATED_TO_PUBLIC_MARKET_FACTOR_RANGES
2021-11-24,65.45,471.74,72.57,0.192,0.752,SYNTHETIC_PROTOTYPE_CALIBRATED_TO_PUBLIC_MARKET_FACTOR_RANGES
2021-11-25,59.53,474.32,69.4,0.2,0.845,SYNTHETIC_PROTOTYPE_CALIBRATED_TO_PUBLIC_MARKET_FACTOR_RANGES
2021-11-26,62.45,490.62,62.61,0.225,0.764,SYNTHETIC_PROTOTYPE_CALIBRATED_TO_PUBLIC_MARKET_FACTOR_RANGES
2021-11-27,72.29,456.71,63.21,0.235,0.703,SYNTHETIC_PROTOTYPE_CALIBRATED_TO_PUBLIC_MARKET_FACTOR_RANGES
2021-11-28,67.67,463.81,69.55,0.168,0.734,SYNTHETIC_PROTOTYPE_CALIBRATED_TO_PUBLIC_MARKET_FACTOR_RANGES
2021-11-29,60.79,484.38,66.32,0.352,0.743,SYNTHETIC_PROTOTYPE_CALIBRATED_TO_PUBLIC_MARKET_FACTOR_RANGES
2021-11-30,59.06,508.05,66.94,0.324,0.782,SYNTHETIC_PROTOTYPE_CALIBRATED_TO_PUBLIC_MARKET_FACTOR_RANGES
2021-12-01,64.2,486.02,72.95,0.231,0.722,SYNTHETIC_PROTOTYPE_CALIBRATED_TO_PUBLIC_MARKET_FACTOR_RANGES
2021-12-02,57.9,494.34,65.12,0.309,0.748,SYNTHETIC_PROTOTYPE_CALIBRATED_TO_PUBLIC_MARKET_FACTOR_RANGES
2021-12-03,60.64,508.71,68.72,0.279,0.755,SYNTHETIC_PROTOTYPE_CALIBRATED_TO_PUBLIC_MARKET_FACTOR_RANGES
2021-12-04,65.62,522.46,72.43,0.321,0.744,SYNTHETIC_PROTOTYPE_CALIBRATED_TO_PUBLIC_MARKET_FACTOR_RANGES
2021-12-05,69.95,492.4,72.1,0.159,0.795,SYNTHETIC_PROTOTYPE_CALIBRATED_TO_PUBLIC_MARKET_FACTOR_RANGES
2021-12-06,67.4,501.36,68.48,0.258,0.79,SYNTHETIC_PROTOTYPE_CALIBRATED_TO_PUBLIC_MARKET_FACTOR_RANGES
2021-12-07,53.12,525.74,68.21,0.268,0.811,SYNTHETIC_PROTOTYPE_CALIBRATED_TO_PUBLIC_MARKET_FACTOR_RANGES
2021-12-08,66.38,488.01,62.67,0.326,0.752,SYNTHETIC_PROTOTYPE_CALIBRATED_TO_PUBLIC_MARKET_FACTOR_RANGES
2021-12-09,65.56,521.08,65.65,0.229,0.814,SYNTHETIC_PROTOTYPE_CALIBRATED_TO_PUBLIC_MARKET_FACTOR_RANGES
2021-12-10,67.66,499.07,71.41,0.083,0.712,SYNTHETIC_PROTOTYPE_CALIBRATED_TO_PUBLIC_MARKET_FACTOR_RANGES
2021-12-11,74.11,515.14,69.84,0.2,0.712,SYNTHETIC_PROTOTYPE_CALIBRATED_TO_PUBLIC_MARKET_FACTOR_RANGES
2021-12-12,56.2,513.68,70.95,0.285,0.72,SYNTHETIC_PROTOTYPE_CALIBRATED_TO_PUBLIC_MARKET_FACTOR_RANGES
2021-12-13,64.1,507.83,75.06,0.299,0.77,SYNTHETIC_PROTOTYPE_CALIBRATED_TO_PUBLIC_MARKET_FACTOR_RANGES
2021-12-14,70.59,510.33,66.41,0.432,0.818,SYNTHETIC_PROTOTYPE_CALIBRATED_TO_PUBLIC_MARKET_FACTOR_RANGES
2021-12-15,60.35,528.3,70.47,0.348,0.746,SYNTHETIC_PROTOTYPE_CALIBRATED_TO_PUBLIC_MARKET_FACTOR_RANGES
2021-12-16,76.31,539.83,72.43,0.312,0.752,SYNTHETIC_PROTOTYPE_CALIBRATED_TO_PUBLIC_MARKET_FACTOR_RANGES
2021-12-17,71.48,529.27,69.12,0.306,0.763,SYNTHETIC_PROTOTYPE_CALIBRATED_TO_PUBLIC_MARKET_FACTOR_RANGES
2021-12-18,74.62,534.65,77.92,0.401,0.795,SYNTHETIC_PROTOTYPE_CALIBRATED_TO_PUBLIC_MARKET_FACTOR_RANGES
2021-12-19,68.31,543.68,76.09,0.27,0.754,SYNTHETIC_PROTOTYPE_CALIBRATED_TO_PUBLIC_MARKET_FACTOR_RANGES
2021-12-20,76.04,528.22,73.87,0.31,0.752,SYNTHETIC_PROTOTYPE_CALIBRATED_TO_PUBLIC_MARKET_FACTOR_RANGES
2021-12-21,78.16,551.83,80.14,0.238,0.72,SYNTHETIC_PROTOTYPE_CALIBRATED_TO_PUBLIC_MARKET_FACTOR_RANGES
2021-12-22,74.84,555.88,67.23,0.443,0.752,SYNTHETIC_PROTOTYPE_CALIBRATED_TO_PUBLIC_MARKET_FACTOR_RANGES
2021-12-23,75.74,580.4,73.45,0.365,0.822,SYNTHETIC_PROTOTYPE_CALIBRATED_TO_PUBLIC_MARKET_FACTOR_RANGES
2021-12-24,76.82,547.76,75.2,0.281,0.779,SYNTHETIC_PROTOTYPE_CALIBRATED_TO_PUBLIC_MARKET_FACTOR_RANGES
2021-12-25,72.07,549.9,70.34,0.332,0.746,SYNTHETIC_PROTOTYPE_CALIBRATED_TO_PUBLIC_MARKET_FACTOR_RANGES
2021-12-26,76.59,567.74,75.45,0.387,0.826,SYNTHETIC_PROTOTYPE_CALIBRATED_TO_PUBLIC_MARKET_FACTOR_RANGES
2021-12-27,77.5,571.46,70.08,0.33,0.753,SYNTHETIC_PROTOTYPE_CALIBRATED_TO_PUBLIC_MARKET_FACTOR_RANGES
2021-12-28,81.13,558.31,77.52,0.311,0.834,SYNTHETIC_PROTOTYPE_CALIBRATED_TO_PUBLIC_MARKET_FACTOR_RANGES
2021-12-29,85.16,562.97,79.24,0.306,0.834,SYNTHETIC_PROTOTYPE_CALIBRATED_TO_PUBLIC_MARKET_FACTOR_RANGES
2021-12-30,75.81,577.36,76.35,0.39,0.78,SYNTHETIC_PROTOTYPE_CALIBRATED_TO_PUBLIC_MARKET_FACTOR_RANGES
2021-12-31,81.42,563.97,68.1,0.338,0.718,SYNTHETIC_PROTOTYPE_CALIBRATED_TO_PUBLIC_MARKET_FACTOR_RANGES
2022-01-01,90.38,571.97,71.9,0.335,0.87,SYNTHETIC_PROTOTYPE_CALIBRATED_TO_PUBLIC_MARKET_FACTOR_RANGES
2022-01-02,80.17,580.93,78.27,0.268,0.794,SYNTHETIC_PROTOTYPE_CALIBRATED_TO_PUBLIC_MARKET_FACTOR_RANGES
2022-01-03,80.68,594.72,76.35,0.385,0.766,SYNTHETIC_PROTOTYPE_CALIBRATED_TO_PUBLIC_MARKET_FACTOR_RANGES
2022-01-04,86.69,578.38,65.73,0.369,0.817,SYNTHETIC_PROTOTYPE_CALIBRATED_TO_PUBLIC_MARKET_FACTOR_RANGES
2022-01-05,90.77,566.34,81.73,0.361,0.807,SYNTHETIC_PROTOTYPE_CALIBRATED_TO_PUBLIC_MARKET_FACTOR_RANGES
2022-01-06,87.44,568.2,77.55,0.407,0.832,SYNTHETIC_PROTOTYPE_CALIBRATED_TO_PUBLIC_MARKET_FACTOR_RANGES
2022-01-07,94.84,578.77,73.96,0.455,0.753,SYNTHETIC_PROTOTYPE_CALIBRATED_TO_PUBLIC_MARKET_FACTOR_RANGES
2022-01-08,93.26,580.75,81.46,0.455,0.792,SYNTHETIC_PROTOTYPE_CALIBRATED_TO_PUBLIC_MARKET_FACTOR_RANGES
2022-01-09,93.94,597.2,75.01,0.447,0.732,SYNTHETIC_PROTOTYPE_CALIBRATED_TO_PUBLIC_MARKET_FACTOR_RANGES
2022-01-10,93.21,587.25,75.21,0.387,0.807,SYNTHETIC_PROTOTYPE_CALIBRATED_TO_PUBLIC_MARKET_FACTOR_RANGES
2022-01-11,102.76,595.48,79.63,0.365,0.779,SYNTHETIC_PROTOTYPE_CALIBRATED_TO_PUBLIC_MARKET_FACTOR_RANGES
2022-01-12,90.74,596.92,85.55,0.33,0.791,SYNTHETIC_PROTOTYPE_CALIBRATED_TO_PUBLIC_MARKET_FACTOR_RANGES
2022-01-13,82.35,603.14,85.16,0.37,0.774,SYNTHETIC_PROTOTYPE_CALIBRATED_TO_PUBLIC_MARKET_FACTOR_RANGES
2022-01-14,100.94,626.42,80.33,0.422,0.77,SYNTHETIC_PROTOTYPE_CALIBRATED_TO_PUBLIC_MARKET_FACTOR_RANGES
2022-01-15,91.15,620.51,80.97,0.361,0.745,SYNTHETIC_PROTOTYPE_CALIBRATED_TO_PUBLIC_MARKET_FACTOR_RANGES
2022-01-16,94.45,614.69,82.51,0.435,0.811,SYNTHETIC_PROTOTYPE_CALIBRATED_TO_PUBLIC_MARKET_FACTOR_RANGES
2022-01-17,100.88,610.79,74.54,0.353,0.839,SYNTHETIC_PROTOTYPE_CALIBRATED_TO_PUBLIC_MARKET_FACTOR_RANGES
2022-01-18,86.71,612.84,82.37,0.3,0.757,SYNTHETIC_PROTOTYPE_CALIBRATED_TO_PUBLIC_MARKET_FACTOR_RANGES
2022-01-19,88.8,623.58,77.07,0.502,0.802,SYNTHETIC_PROTOTYPE_CALIBRATED_TO_PUBLIC_MARKET_FACTOR_RANGES
2022-01-20,87.34,628.16,81.5,0.401,0.797,SYNTHETIC_PROTOTYPE_CALIBRATED_TO_PUBLIC_MARKET_FACTOR_RANGES
2022-01-21,91.62,611.65,79.53,0.375,0.779,SYNTHETIC_PROTOTYPE_CALIBRATED_TO_PUBLIC_MARKET_FACTOR_RANGES
2022-01-22,97.99,624.26,82.66,0.357,0.718,SYNTHETIC_PROTOTYPE_CALIBRATED_TO_PUBLIC_MARKET_FACTOR_RANGES
2022-01-23,98.57,600.6,81.34,0.481,0.727,SYNTHETIC_PROTOTYPE_CALIBRATED_TO_PUBLIC_MARKET_FACTOR_RANGES
2022-01-24,97.44,628.57,68.78,0.559,0.747,SYNTHETIC_PROTOTYPE_CALIBRATED_TO_PUBLIC_MARKET_FACTOR_RANGES
2022-01-25,89.06,636.11,81.99,0.42,0.693,SYNTHETIC_PROTOTYPE_CALIBRATED_TO_PUBLIC_MARKET_FACTOR_RANGES
2022-01-26,84.6,624.42,84.04,0.437,0.834,SYNTHETIC_PROTOTYPE_CALIBRATED_TO_PUBLIC_MARKET_FACTOR_RANGES
2022-01-27,96.41,650.27,83.46,0.542,0.792,SYNTHETIC_PROTOTYPE_CALIBRATED_TO_PUBLIC_MARKET_FACTOR_RANGES
2022-01-28,93.73,618.48,81.46,0.313,0.776,SYNTHETIC_PROTOTYPE_CALIBRATED_TO_PUBLIC_MARKET_FACTOR_RANGES
2022-01-29,98.3,632.12,88.63,0.617,0.689,SYNTHETIC_PROTOTYPE_CALIBRATED_TO_PUBLIC_MARKET_FACTOR_RANGES
2022-01-30,99.39,629.43,83.5,0.657,0.703,SYNTHETIC_PROTOTYPE_CALIBRATED_TO_PUBLIC_MARKET_FACTOR_RANGES
2022-01-31,96.41,628.88,84.19,0.246,0.776,SYNTHETIC_PROTOTYPE_CALIBRATED_TO_PUBLIC_MARKET_FACTOR_RANGES
2022-02-01,99.34,628.83,86.8,0.456,0.854,SYNTHETIC_PROTOTYPE_CALIBRATED_TO_PUBLIC_MARKET_FACTOR_RANGES
2022-02-02,96.47,631.49,84.25,0.408,0.747,SYNTHETIC_PROTOTYPE_CALIBRATED_TO_PUBLIC_MARKET_FACTOR_RANGES
2022-02-03,97.74,640.26,79.39,0.445,0.809,SYNTHETIC_PROTOTYPE_CALIBRATED_TO_PUBLIC_MARKET_FACTOR_RANGES
2022-02-04,91.31,646.4,73.4,0.434,0.755,SYNTHETIC_PROTOTYPE_CALIBRATED_TO_PUBLIC_MARKET_FACTOR_RANGES
2022-02-05,93.66,629.5,81.42,0.533,0.776,SYNTHETIC_PROTOTYPE_CALIBRATED_TO_PUBLIC_MARKET_FACTOR_RANGES
2022-02-06,95.25,638.87,86.54,0.46,0.822,SYNTHETIC_PROTOTYPE_CALIBRATED_TO_PUBLIC_MARKET_FACTOR_RANGES
2022-02-07,98.07,620.13,82.25,0.396,0.759,SYNTHETIC_PROTOTYPE_CALIBRATED_TO_PUBLIC_MARKET_FACTOR_RANGES
2022-02-08,91.69,637.09,87.02,0.456,0.744,SYNTHETIC_PROTOTYPE_CALIBRATED_TO_PUBLIC_MARKET_FACTOR_RANGES
2022-02-09,95.94,618.02,84.57,0.511,0.828,SYNTHETIC_PROTOTYPE_CALIBRATED_TO_PUBLIC_MARKET_FACTOR_RANGES
2022-02-10,91.69,639.41,89.28,0.375,0.772,SYNTHETIC_PROTOTYPE_CALIBRATED_TO_PUBLIC_MARKET_FACTOR_RANGES
2022-02-11,92.11,651.92,83.1,0.338,0.814,SYNTHETIC_PROTOTYPE_CALIBRATED_TO_PUBLIC_MARKET_FACTOR_RANGES
2022-02-12,96.53,622.91,86.3,0.629,0.742,SYNTHETIC_PROTOTYPE_CALIBRATED_TO_PUBLIC_MARKET_FACTOR_RANGES
2022-02-13,82.1,596.96,86.59,0.418,0.825,SYNTHETIC_PROTOTYPE_CALIBRATED_TO_PUBLIC_MARKET_FACTOR_RANGES
2022-02-14,85.29,615.51,90.71,0.458,0.779,SYNTHETIC_PROTOTYPE_CALIBRATED_TO_PUBLIC_MARKET_FACTOR_RANGES
2022-02-15,84.07,635.61,78.02,0.436,0.785,SYNTHETIC_PROTOTYPE_CALIBRATED_TO_PUBLIC_MARKET_FACTOR_RANGES
2022-02-16,79.55,626.13,83.14,0.511,0.772,SYNTHETIC_PROTOTYPE_CALIBRATED_TO_PUBLIC_MARKET_FACTOR_RANGES
2022-02-17,87.58,621.08,88.5,0.608,0.745,SYNTHETIC_PROTOTYPE_CALIBRATED_TO_PUBLIC_MARKET_FACTOR_RANGES
2022-02-18,94.49,628.73,91.41,0.512,0.765,SYNTHETIC_PROTOTYPE_CALIBRATED_TO_PUBLIC_MARKET_FACTOR_RANGES
2022-02-19,89.12,620.91,86.31,0.343,0.746,SYNTHETIC_PROTOTYPE_CALIBRATED_TO_PUBLIC_MARKET_FACTOR_RANGES
2022-02-20,91.36,628.13,84.29,0.352,0.802,SYNTHETIC_PROTOTYPE_CALIBRATED_TO_PUBLIC_MARKET_FACTOR_RANGES
2022-02-21,95.67,622.92,88.6,0.429,0.754,SYNTHETIC_PROTOTYPE_CALIBRATED_TO_PUBLIC_MARKET_FACTOR_RANGES
2022-02-22,96.76,628.47,89.16,0.438,0.702,SYNTHETIC_PROTOTYPE_CALIBRATED_TO_PUBLIC_MARKET_FACTOR_RANGES
2022-02-23,89.7,612.8,84.35,0.32,0.693,SYNTHETIC_PROTOTYPE_CALIBRATED_TO_PUBLIC_MARKET_FACTOR_RANGES
2022-02-24,96.78,617.61,87.21,0.522,0.691,SYNTHETIC_PROTOTYPE_CALIBRATED_TO_PUBLIC_MARKET_FACTOR_RANGES
2022-02-25,90.47,601.28,90.7,0.367,0.783,SYNTHETIC_PROTOTYPE_CALIBRATED_TO_PUBLIC_MARKET_FACTOR_RANGES
2022-02-26,85.87,595.95,93.63,0.571,0.712,SYNTHETIC_PROTOTYPE_CALIBRATED_TO_PUBLIC_MARKET_FACTOR_RANGES
2022-02-27,87.17,621.82,89.13,0.595,0.769,SYNTHETIC_PROTOTYPE_CALIBRATED_TO_PUBLIC_MARKET_FACTOR_RANGES
2022-02-28,82.87,602.09,86.42,0.427,0.761,SYNTHETIC_PROTOTYPE_CALIBRATED_TO_PUBLIC_MARKET_FACTOR_RANGES
2022-03-01,86.01,607.31,86.1,0.48,0.752,SYNTHETIC_PROTOTYPE_CALIBRATED_TO_PUBLIC_MARKET_FACTOR_RANGES
2022-03-02,88.88,597.28,88.62,0.343,0.771,SYNTHETIC_PROTOTYPE_CALIBRATED_TO_PUBLIC_MARKET_FACTOR_RANGES
2022-03-03,94.96,586.9,86.0,0.489,0.759,SYNTHETIC_PROTOTYPE_CALIBRATED_TO_PUBLIC_MARKET_FACTOR_RANGES
2022-03-04,99.86,592.22,87.29,0.396,0.643,SYNTHETIC_PROTOTYPE_CALIBRATED_TO_PUBLIC_MARKET_FACTOR_RANGES
2022-03-05,84.71,607.48,82.36,0.346,0.738,SYNTHETIC_PROTOTYPE_CALIBRATED_TO_PUBLIC_MARKET_FACTOR_RANGES
2022-03-06,93.99,595.08,91.84,0.407,0.767,SYNTHETIC_PROTOTYPE_CALIBRATED_TO_PUBLIC_MARKET_FACTOR_RANGES
2022-03-07,87.28,566.07,82.14,0.39,0.814,SYNTHETIC_PROTOTYPE_CALIBRATED_TO_PUBLIC_MARKET_FACTOR_RANGES
2022-03-08,95.36,582.24,85.02,0.398,0.815,SYNTHETIC_PROTOTYPE_CALIBRATED_TO_PUBLIC_MARKET_FACTOR_RANGES
2022-03-09,92.87,604.45,87.19,0.497,0.692,SYNTHETIC_PROTOTYPE_CALIBRATED_TO_PUBLIC_MARKET_FACTOR_RANGES
2022-03-10,84.97,578.77,94.8,0.354,0.731,SYNTHETIC_PROTOTYPE_CALIBRATED_TO_PUBLIC_MARKET_FACTOR_RANGES
2022-03-11,99.39,558.04,85.18,0.552,0.681,SYNTHETIC_PROTOTYPE_CALIBRATED_TO_PUBLIC_MARKET_FACTOR_RANGES
2022-03-12,92.4,600.71,84.24,0.304,0.804,SYNTHETIC_PROTOTYPE_CALIBRATED_TO_PUBLIC_MARKET_FACTOR_RANGES
2022-03-13,93.47,584.57,84.73,0.536,0.782,SYNTHETIC_PROTOTYPE_CALIBRATED_TO_PUBLIC_MARKET_FACTOR_RANGES
2022-03-14,91.54,573.98,93.59,0.321,0.755,SYNTHETIC_PROTOTYPE_CALIBRATED_TO_PUBLIC_MARKET_FACTOR_RANGES
2022-03-15,94.4,568.85,75.72,0.399,0.746,SYNTHETIC_PROTOTYPE_CALIBRATED_TO_PUBLIC_MARKET_FACTOR_RANGES
2022-03-16,100.64,584.84,82.97,0.356,0.793,SYNTHETIC_PROTOTYPE_CALIBRATED_TO_PUBLIC_MARKET_FACTOR_RANGES
2022-03-17,98.4,563.95,97.92,0.364,0.785,SYNTHETIC_PROTOTYPE_CALIBRATED_TO_PUBLIC_MARKET_FACTOR_RANGES
2022-03-18,101.87,582.89,89.36,0.451,0.782,SYNTHETIC_PROTOTYPE_CALIBRATED_TO_PUBLIC_MARKET_FACTOR_RANGES
2022-03-19,102.94,574.33,82.58,0.503,0.753,SYNTHETIC_PROTOTYPE_CALIBRATED_TO_PUBLIC_MARKET_FACTOR_RANGES
2022-03-20,108.66,569.55,86.83,0.474,0.719,SYNTHETIC_PROTOTYPE_CALIBRATED_TO_PUBLIC_MARKET_FACTOR_RANGES
2022-03-21,101.29,567.21,87.26,0.343,0.763,SYNTHETIC_PROTOTYPE_CALIBRATED_TO_PUBLIC_MARKET_FACTOR_RANGES
2022-03-22,96.58,562.28,90.36,0.386,0.763,SYNTHETIC_PROTOTYPE_CALIBRATED_TO_PUBLIC_MARKET_FACTOR_RANGES
2022-03-23,110.27,575.91,94.31,0.304,0.722,SYNTHETIC_PROTOTYPE_CALIBRATED_TO_PUBLIC_MARKET_FACTOR_RANGES
2022-03-24,104.26,552.04,88.49,0.283,0.714,SYNTHETIC_PROTOTYPE_CALIBRATED_TO_PUBLIC_MARKET_FACTOR_RANGES
2022-03-25,112.48,542.09,84.75,0.267,0.772,SYNTHETIC_PROTOTYPE_CALIBRATED_TO_PUBLIC_MARKET_FACTOR_RANGES
2022-03-26,109.82,568.13,90.03,0.319,0.792,SYNTHETIC_PROTOTYPE_CALIBRATED_TO_PUBLIC_MARKET_FACTOR_RANGES
2022-03-27,108.24,567.61,84.05,0.37,0.694,SYNTHETIC_PROTOTYPE_CALIBRATED_TO_PUBLIC_MARKET_FACTOR_RANGES
2022-03-28,111.63,565.14,82.67,0.193,0.712,SYNTHETIC_PROTOTYPE_CALIBRATED_TO_PUBLIC_MARKET_FACTOR_RANGES
2022-03-29,120.62,563.7,79.72,0.338,0.736,SYNTHETIC_PROTOTYPE_CALIBRATED_TO_PUBLIC_MARKET_FACTOR_RANGES
2022-03-30,122.22,554.45,80.45,0.459,0.74,SYNTHETIC_PROTOTYPE_CALIBRATED_TO_PUBLIC_MARKET_FACTOR_RANGES
2022-03-31,113.14,567.32,83.07,0.423,0.698,SYNTHETIC_PROTOTYPE_CALIBRATED_TO_PUBLIC_MARKET_FACTOR_RANGES
2022-04-01,114.53,556.97,81.89,0.282,0.793,SYNTHETIC_PROTOTYPE_CALIBRATED_TO_PUBLIC_MARKET_FACTOR_RANGES
2022-04-02,120.03,551.38,87.79,0.213,0.733,SYNTHETIC_PROTOTYPE_CALIBRATED_TO_PUBLIC_MARKET_FACTOR_RANGES
2022-04-03,111.31,553.27,81.68,0.358,0.736,SYNTHETIC_PROTOTYPE_CALIBRATED_TO_PUBLIC_MARKET_FACTOR_RANGES
2022-04-04,118.07,581.12,73.83,0.132,0.784,SYNTHETIC_PROTOTYPE_CALIBRATED_TO_PUBLIC_MARKET_FACTOR_RANGES
2022-04-05,117.11,535.97,82.15,0.402,0.694,SYNTHETIC_PROTOTYPE_CALIBRATED_TO_PUBLIC_MARKET_FACTOR_RANGES
2022-04-06,119.61,562.77,84.36,0.292,0.707,SYNTHETIC_PROTOTYPE_CALIBRATED_TO_PUBLIC_MARKET_FACTOR_RANGES
2022-04-07,114.64,536.68,83.75,0.452,0.659,SYNTHETIC_PROTOTYPE_CALIBRATED_TO_PUBLIC_MARKET_FACTOR_RANGES
2022-04-08,111.58,555.64,92.16,0.163,0.701,SYNTHETIC_PROTOTYPE_CALIBRATED_TO_PUBLIC_MARKET_FACTOR_RANGES
2022-04-09,109.85,551.9,83.54,0.371,0.647,SYNTHETIC_PROTOTYPE_CALIBRATED_TO_PUBLIC_MARKET_FACTOR_RANGES
2022-04-10,115.27,532.31,89.42,0.286,0.735,SYNTHETIC_PROTOTYPE_CALIBRATED_TO_PUBLIC_MARKET_FACTOR_RANGES
2022-04-11,119.16,562.27,85.72,0.264,0.721,SYNTHETIC_PROTOTYPE_CALIBRATED_TO_PUBLIC_MARKET_FACTOR_RANGES
2022-04-12,120.53,553.37,85.52,0.177,0.691,SYNTHETIC_PROTOTYPE_CALIBRATED_TO_PUBLIC_MARKET_FACTOR_RANGES
2022-04-13,132.18,533.11,82.25,0.331,0.697,SYNTHETIC_PROTOTYPE_CALIBRATED_TO_PUBLIC_MARKET_FACTOR_RANGES
2022-04-14,128.47,568.79,85.24,0.334,0.73,SYNTHETIC_PROTOTYPE_CALIBRATED_TO_PUBLIC_MARKET_FACTOR_RANGES
2022-04-15,118.53,576.39,82.3,0.419,0.653,SYNTHETIC_PROTOTYPE_CALIBRATED_TO_PUBLIC_MARKET_FACTOR_RANGES
2022-04-16,125.42,577.54,85.92,0.354,0.705,SYNTHETIC_PROTOTYPE_CALIBRATED_TO_PUBLIC_MARKET_FACTOR_RANGES
2022-04-17,121.94,564.49,84.17,0.222,0.724,SYNTHETIC_PROTOTYPE_CALIBRATED_TO_PUBLIC_MARKET_FACTOR_RANGES
2022-04-18,122.79,561.28,81.21,0.186,0.623,SYNTHETIC_PROTOTYPE_CALIBRATED_TO_PUBLIC_MARKET_FACTOR_RANGES
2022-04-19,125.32,577.23,88.83,0.154,0.72,SYNTHETIC_PROTOTYPE_CALIBRATED_TO_PUBLIC_MARKET_FACTOR_RANGES
2022-04-20,127.61,582.07,86.43,0.379,0.625,SYNTHETIC_PROTOTYPE_CALIBRATED_TO_PUBLIC_MARKET_FACTOR_RANGES
2022-04-21,122.89,576.09,82.79,0.196,0.686,SYNTHETIC_PROTOTYPE_CALIBRATED_TO_PUBLIC_MARKET_FACTOR_RANGES
2022-04-22,129.93,551.8,85.03,0.374,0.642,SYNTHETIC_PROTOTYPE_CALIBRATED_TO_PUBLIC_MARKET_FACTOR_RANGES
2022-04-23,118.87,566.13,83.96,0.295,0.745,SYNTHETIC_PROTOTYPE_CALIBRATED_TO_PUBLIC_MARKET_FACTOR_RANGES
2022-04-24,124.52,569.61,80.68,0.277,0.64,SYNTHETIC_PROTOTYPE_CALIBRATED_TO_PUBLIC_MARKET_FACTOR_RANGES
2022-04-25,137.34,543.23,84.28,0.224,0.619,SYNTHETIC_PROTOTYPE_CALIBRATED_TO_PUBLIC_MARKET_FACTOR_RANGES
2022-04-26,125.28,571.18,81.35,0.299,0.689,SYNTHETIC_PROTOTYPE_CALIBRATED_TO_PUBLIC_MARKET_FACTOR_RANGES
2022-04-27,131.09,593.41,79.9,0.243,0.666,SYNTHETIC_PROTOTYPE_CALIBRATED_TO_PUBLIC_MARKET_FACTOR_RANGES
2022-04-28,124.1,574.39,77.02,0.213,0.621,SYNTHETIC_PROTOTYPE_CALIBRATED_TO_PUBLIC_MARKET_FACTOR_RANGES
2022-04-29,126.22,584.94,81.91,0.296,0.7,SYNTHETIC_PROTOTYPE_CALIBRATED_TO_PUBLIC_MARKET_FACTOR_RANGES
2022-04-30,122.67,569.98,85.45,0.227,0.598,SYNTHETIC_PROTOTYPE_CALIBRATED_TO_PUBLIC_MARKET_FACTOR_RANGES
2022-05-01,121.69,567.39,80.22,0.173,0.635,SYNTHETIC_PROTOTYPE_CALIBRATED_TO_PUBLIC_MARKET_FACTOR_RANGES
2022-05-02,118.2,573.3,92.91,0.284,0.652,SYNTHETIC_PROTOTYPE_CALIBRATED_TO_PUBLIC_MARKET_FACTOR_RANGES
2022-05-03,123.76,559.35,86.19,0.23,0.706,SYNTHETIC_PROTOTYPE_CALIBRATED_TO_PUBLIC_MARKET_FACTOR_RANGES
2022-05-04,116.84,557.94,87.68,0.273,0.725,SYNTHETIC_PROTOTYPE_CALIBRATED_TO_PUBLIC_MARKET_FACTOR_RANGES
2022-05-05,123.88,585.02,85.46,0.196,0.716,SYNTHETIC_PROTOTYPE_CALIBRATED_TO_PUBLIC_MARKET_FACTOR_RANGES
2022-05-06,125.41,586.56,89.5,0.135,0.664,SYNTHETIC_PROTOTYPE_CALIBRATED_TO_PUBLIC_MARKET_FACTOR_RANGES
2022-05-07,121.23,558.41,78.75,0.37,0.572,SYNTHETIC_PROTOTYPE_CALIBRATED_TO_PUBLIC_MARKET_FACTOR_RANGES
2022-05-08,117.35,582.06,71.46,0.354,0.683,SYNTHETIC_PROTOTYPE_CALIBRATED_TO_PUBLIC_MARKET_FACTOR_RANGES
2022-05-09,120.42,569.48,79.72,0.301,0.725,SYNTHETIC_PROTOTYPE_CALIBRATED_TO_PUBLIC_MARKET_FACTOR_RANGES
2022-05-10,115.97,574.61,83.53,0.199,0.715,SYNTHETIC_PROTOTYPE_CALIBRATED_TO_PUBLIC_MARKET_FACTOR_RANGES
2022-05-11,121.54,576.0,81.7,0.206,0.683,SYNTHETIC_PROTOTYPE_CALIBRATED_TO_PUBLIC_MARKET_FACTOR_RANGES
2022-05-12,107.04,582.27,81.99,0.341,0.615,SYNTHETIC_PROTOTYPE_CALIBRATED_TO_PUBLIC_MARKET_FACTOR_RANGES
2022-05-13,113.86,571.12,85.96,0.202,0.641,SYNTHETIC_PROTOTYPE_CALIBRATED_TO_PUBLIC_MARKET_FACTOR_RANGES
2022-05-14,104.93,586.75,82.0,0.18,0.738,SYNTHETIC_PROTOTYPE_CALIBRATED_TO_PUBLIC_MARKET_FACTOR_RANGES
2022-05-15,106.75,573.16,83.45,0.381,0.603,SYNTHETIC_PROTOTYPE_CALIBRATED_TO_PUBLIC_MARKET_FACTOR_RANGES
2022-05-16,120.39,576.47,76.28,0.228,0.612,SYNTHETIC_PROTOTYPE_CALIBRATED_TO_PUBLIC_MARKET_FACTOR_RANGES
2022-05-17,117.41,558.43,75.44,0.374,0.695,SYNTHETIC_PROTOTYPE_CALIBRATED_TO_PUBLIC_MARKET_FACTOR_RANGES
2022-05-18,108.71,593.69,86.05,0.122,0.638,SYNTHETIC_PROTOTYPE_CALIBRATED_TO_PUBLIC_MARKET_FACTOR_RANGES
2022-05-19,104.18,572.68,79.78,0.276,0.607,SYNTHETIC_PROTOTYPE_CALIBRATED_TO_PUBLIC_MARKET_FACTOR_RANGES
2022-05-20,96.28,574.77,76.66,0.402,0.715,SYNTHETIC_PROTOTYPE_CALIBRATED_TO_PUBLIC_MARKET_FACTOR_RANGES
2022-05-21,107.82,545.99,76.43,0.24,0.671,SYNTHETIC_PROTOTYPE_CALIBRATED_TO_PUBLIC_MARKET_FACTOR_RANGES
2022-05-22,122.09,554.39,76.09,0.218,0.636,SYNTHETIC_PROTOTYPE_CALIBRATED_TO_PUBLIC_MARKET_FACTOR_RANGES
2022-05-23,111.65,578.0,75.62,0.147,0.604,SYNTHETIC_PROTOTYPE_CALIBRATED_TO_PUBLIC_MARKET_FACTOR_RANGES
2022-05-24,106.19,565.37,73.09,0.329,0.731,SYNTHETIC_PROTOTYPE_CALIBRATED_TO_PUBLIC_MARKET_FACTOR_RANGES
2022-05-25,110.86,537.65,71.99,0.182,0.647,SYNTHETIC_PROTOTYPE_CALIBRATED_TO_PUBLIC_MARKET_FACTOR_RANGES
2022-05-26,100.3,571.66,76.97,0.238,0.703,SYNTHETIC_PROTOTYPE_CALIBRATED_TO_PUBLIC_MARKET_FACTOR_RANGES
2022-05-27,106.24,551.17,75.14,0.149,0.682,SYNTHETIC_PROTOTYPE_CALIBRATED_TO_PUBLIC_MARKET_FACTOR_RANGES
2022-05-28,107.87,573.02,81.7,0.375,0.624,SYNTHETIC_PROTOTYPE_CALIBRATED_TO_PUBLIC_MARKET_FACTOR_RANGES
2022-05-29,106.63,553.33,78.2,0.345,0.623,SYNTHETIC_PROTOTYPE_CALIBRATED_TO_PUBLIC_MARKET_FACTOR_RANGES
2022-05-30,110.75,555.05,77.85,0.253,0.701,SYNTHETIC_PROTOTYPE_CALIBRATED_TO_PUBLIC_MARKET_FACTOR_RANGES
2022-05-31,108.29,564.85,73.57,0.166,0.701,SYNTHETIC_PROTOTYPE_CALIBRATED_TO_PUBLIC_MARKET_FACTOR_RANGES
2022-06-01,109.72,537.95,75.81,0.384,0.566,SYNTHETIC_PROTOTYPE_CALIBRATED_TO_PUBLIC_MARKET_FACTOR_RANGES
2022-06-02,102.79,534.73,77.49,0.234,0.662,SYNTHETIC_PROTOTYPE_CALIBRATED_TO_PUBLIC_MARKET_FACTOR_RANGES
2022-06-03,110.62,542.13,78.66,0.178,0.634,SYNTHETIC_PROTOTYPE_CALIBRATED_TO_PUBLIC_MARKET_FACTOR_RANGES
2022-06-04,114.22,552.17,75.17,0.129,0.597,SYNTHETIC_PROTOTYPE_CALIBRATED_TO_PUBLIC_MARKET_FACTOR_RANGES
2022-06-05,101.2,523.95,79.61,0.221,0.648,SYNTHETIC_PROTOTYPE_CALIBRATED_TO_PUBLIC_MARKET_FACTOR_RANGES
2022-06-06,101.64,517.5,75.07,0.16,0.583,SYNTHETIC_PROTOTYPE_CALIBRATED_TO_PUBLIC_MARKET_FACTOR_RANGES
2022-06-07,112.82,544.91,77.96,0.23,0.617,SYNTHETIC_PROTOTYPE_CALIBRATED_TO_PUBLIC_MARKET_FACTOR_RANGES
2022-06-08,105.29,525.23,72.58,0.342,0.603,SYNTHETIC_PROTOTYPE_CALIBRATED_TO_PUBLIC_MARKET_FACTOR_RANGES
2022-06-09,113.41,525.14,67.03,0.256,0.614,SYNTHETIC_PROTOTYPE_CALIBRATED_TO_PUBLIC_MARKET_FACTOR_RANGES
2022-06-10,104.36,504.87,75.1,0.318,0.631,SYNTHETIC_PROTOTYPE_CALIBRATED_TO_PUBLIC_MARKET_FACTOR_RANGES
2022-06-11,114.07,516.24,76.67,0.236,0.592,SYNTHETIC_PROTOTYPE_CALIBRATED_TO_PUBLIC_MARKET_FACTOR_RANGES
2022-06-12,107.7,521.48,75.81,0.303,0.695,SYNTHETIC_PROTOTYPE_CALIBRATED_TO_PUBLIC_MARKET_FACTOR_RANGES
2022-06-13,108.62,529.87,74.95,0.455,0.651,SYNTHETIC_PROTOTYPE_CALIBRATED_TO_PUBLIC_MARKET_FACTOR_RANGES
2022-06-14,115.47,506.53,71.6,0.277,0.702,SYNTHETIC_PROTOTYPE_CALIBRATED_TO_PUBLIC_MARKET_FACTOR_RANGES
2022-06-15,106.18,532.71,69.51,0.34,0.623,SYNTHETIC_PROTOTYPE_CALIBRATED_TO_PUBLIC_MARKET_FACTOR_RANGES
2022-06-16,103.66,501.6,74.69,0.188,0.607,SYNTHETIC_PROTOTYPE_CALIBRATED_TO_PUBLIC_MARKET_FACTOR_RANGES
2022-06-17,106.51,498.58,73.93,0.439,0.699,SYNTHETIC_PROTOTYPE_CALIBRATED_TO_PUBLIC_MARKET_FACTOR_RANGES
2022-06-18,111.43,522.15,69.72,0.283,0.605,SYNTHETIC_PROTOTYPE_CALIBRATED_TO_PUBLIC_MARKET_FACTOR_RANGES
2022-06-19,101.77,503.14,76.15,0.409,0.62,SYNTHETIC_PROTOTYPE_CALIBRATED_TO_PUBLIC_MARKET_FACTOR_RANGES
2022-06-20,113.23,490.86,67.92,0.319,0.656,SYNTHETIC_PROTOTYPE_CALIBRATED_TO_PUBLIC_MARKET_FACTOR_RANGES
2022-06-21,107.8,492.49,68.86,0.382,0.577,SYNTHETIC_PROTOTYPE_CALIBRATED_TO_PUBLIC_MARKET_FACTOR_RANGES
2022-06-22,116.7,507.44,77.48,0.391,0.654,SYNTHETIC_PROTOTYPE_CALIBRATED_TO_PUBLIC_MARKET_FACTOR_RANGES
2022-06-23,99.45,505.65,74.15,0.305,0.649,SYNTHETIC_PROTOTYPE_CALIBRATED_TO_PUBLIC_MARKET_FACTOR_RANGES
2022-06-24,107.96,475.1,68.99,0.433,0.676,SYNTHETIC_PROTOTYPE_CALIBRATED_TO_PUBLIC_MARKET_FACTOR_RANGES
2022-06-25,103.93,481.25,71.32,0.289,0.66,SYNTHETIC_PROTOTYPE_CALIBRATED_TO_PUBLIC_MARKET_FACTOR_RANGES
2022-06-26,108.69,479.71,70.53,0.416,0.676,SYNTHETIC_PROTOTYPE_CALIBRATED_TO_PUBLIC_MARKET_FACTOR_RANGES
2022-06-27,114.52,463.68,58.67,0.327,0.619,SYNTHETIC_PROTOTYPE_CALIBRATED_TO_PUBLIC_MARKET_FACTOR_RANGES
2022-06-28,112.83,471.75,65.77,0.391,0.589,SYNTHETIC_PROTOTYPE_CALIBRATED_TO_PUBLIC_MARKET_FACTOR_RANGES
2022-06-29,112.88,469.42,68.94,0.33,0.707,SYNTHETIC_PROTOTYPE_CALIBRATED_TO_PUBLIC_MARKET_FACTOR_RANGES
2022-06-30,113.76,480.01,67.47,0.375,0.561,SYNTHETIC_PROTOTYPE_CALIBRATED_TO_PUBLIC_MARKET_FACTOR_RANGES
2022-07-01,115.96,477.82,69.63,0.289,0.565,SYNTHETIC_PROTOTYPE_CALIBRATED_TO_PUBLIC_MARKET_FACTOR_RANGES
2022-07-02,110.27,456.43,72.91,0.399,0.644,SYNTHETIC_PROTOTYPE_CALIBRATED_TO_PUBLIC_MARKET_FACTOR_RANGES
2022-07-03,119.18,454.91,66.85,0.387,0.686,SYNTHETIC_PROTOTYPE_CALIBRATED_TO_PUBLIC_MARKET_FACTOR_RANGES
2022-07-04,119.26,462.59,63.66,0.344,0.629,SYNTHETIC_PROTOTYPE_CALIBRATED_TO_PUBLIC_MARKET_FACTOR_RANGES
2022-07-05,118.15,444.81,68.94,0.387,0.661,SYNTHETIC_PROTOTYPE_CALIBRATED_TO_PUBLIC_MARKET_FACTOR_RANGES
2022-07-06,119.24,456.17,66.09,0.406,0.541,SYNTHETIC_PROTOTYPE_CALIBRATED_TO_PUBLIC_MARKET_FACTOR_RANGES
2022-07-07,118.14,445.39,66.53,0.349,0.601,SYNTHETIC_PROTOTYPE_CALIBRATED_TO_PUBLIC_MARKET_FACTOR_RANGES
2022-07-08,126.99,432.22,65.74,0.392,0.545,SYNTHETIC_PROTOTYPE_CALIBRATED_TO_PUBLIC_MARKET_FACTOR_RANGES
2022-07-09,116.49,429.86,75.64,0.326,0.652,SYNTHETIC_PROTOTYPE_CALIBRATED_TO_PUBLIC_MARKET_FACTOR_RANGES
2022-07-10,115.47,456.27,57.46,0.598,0.558,SYNTHETIC_PROTOTYPE_CALIBRATED_TO_PUBLIC_MARKET_FACTOR_RANGES
2022-07-11,113.26,434.68,64.64,0.498,0.569,SYNTHETIC_PROTOTYPE_CALIBRATED_TO_PUBLIC_MARKET_FACTOR_RANGES
2022-07-12,111.84,453.98,65.94,0.439,0.641,SYNTHETIC_PROTOTYPE_CALIBRATED_TO_PUBLIC_MARKET_FACTOR_RANGES
2022-07-13,110.71,425.97,62.59,0.514,0.662,SYNTHETIC_PROTOTYPE_CALIBRATED_TO_PUBLIC_MARKET_FACTOR_RANGES
2022-07-14,112.37,433.55,69.08,0.266,0.614,SYNTHETIC_PROTOTYPE_CALIBRATED_TO_PUBLIC_MARKET_FACTOR_RANGES
2022-07-15,116.28,456.8,68.51,0.223,0.643,SYNTHETIC_PROTOTYPE_CALIBRATED_TO_PUBLIC_MARKET_FACTOR_RANGES
2022-07-16,118.08,413.52,64.83,0.398,0.642,SYNTHETIC_PROTOTYPE_CALIBRATED_TO_PUBLIC_MARKET_FACTOR_RANGES
2022-07-17,116.39,401.67,63.71,0.323,0.611,SYNTHETIC_PROTOTYPE_CALIBRATED_TO_PUBLIC_MARKET_FACTOR_RANGES
2022-07-18,111.98,438.22,64.12,0.417,0.576,SYNTHETIC_PROTOTYPE_CALIBRATED_TO_PUBLIC_MARKET_FACTOR_RANGES
2022-07-19,119.93,411.31,63.93,0.456,0.643,SYNTHETIC_PROTOTYPE_CALIBRATED_TO_PUBLIC_MARKET_FACTOR_RANGES
2022-07-20,118.69,419.54,63.81,0.516,0.645,SYNTHETIC_PROTOTYPE_CALIBRATED_TO_PUBLIC_MARKET_FACTOR_RANGES
2022-07-21,113.72,411.42,63.16,0.354,0.656,SYNTHETIC_PROTOTYPE_CALIBRATED_TO_PUBLIC_MARKET_FACTOR_RANGES
2022-07-22,110.72,420.46,64.7,0.479,0.633,SYNTHETIC_PROTOTYPE_CALIBRATED_TO_PUBLIC_MARKET_FACTOR_RANGES
2022-07-23,116.14,404.73,66.49,0.451,0.574,SYNTHETIC_PROTOTYPE_CALIBRATED_TO_PUBLIC_MARKET_FACTOR_RANGES
2022-07-24,113.71,412.99,58.35,0.48,0.649,SYNTHETIC_PROTOTYPE_CALIBRATED_TO_PUBLIC_MARKET_FACTOR_RANGES
2022-07-25,104.86,419.68,58.86,0.412,0.621,SYNTHETIC_PROTOTYPE_CALIBRATED_TO_PUBLIC_MARKET_FACTOR_RANGES
2022-07-26,111.04,401.43,55.86,0.567,0.602,SYNTHETIC_PROTOTYPE_CALIBRATED_TO_PUBLIC_MARKET_FACTOR_RANGES
2022-07-27,111.92,404.49,66.12,0.45,0.61,SYNTHETIC_PROTOTYPE_CALIBRATED_TO_PUBLIC_MARKET_FACTOR_RANGES
2022-07-28,105.31,408.2,63.45,0.602,0.595,SYNTHETIC_PROTOTYPE_CALIBRATED_TO_PUBLIC_MARKET_FACTOR_RANGES
2022-07-29,109.91,394.82,64.27,0.398,0.658,SYNTHETIC_PROTOTYPE_CALIBRATED_TO_PUBLIC_MARKET_FACTOR_RANGES
2022-07-30,100.81,406.61,56.34,0.522,0.566,SYNTHETIC_PROTOTYPE_CALIBRATED_TO_PUBLIC_MARKET_FACTOR_RANGES
2022-07-31,113.86,412.94,69.0,0.459,0.584,SYNTHETIC_PROTOTYPE_CALIBRATED_TO_PUBLIC_MARKET_FACTOR_RANGES
2022-08-01,112.47,406.66,59.24,0.439,0.611,SYNTHETIC_PROTOTYPE_CALIBRATED_TO_PUBLIC_MARKET_FACTOR_RANGES
2022-08-02,104.0,408.25,62.16,0.517,0.689,SYNTHETIC_PROTOTYPE_CALIBRATED_TO_PUBLIC_MARKET_FACTOR_RANGES
2022-08-03,106.09,411.43,64.73,0.443,0.667,SYNTHETIC_PROTOTYPE_CALIBRATED_TO_PUBLIC_MARKET_FACTOR_RANGES
2022-08-04,91.2,404.07,57.18,0.255,0.559,SYNTHETIC_PROTOTYPE_CALIBRATED_TO_PUBLIC_MARKET_FACTOR_RANGES
2022-08-05,96.44,420.61,58.77,0.224,0.68,SYNTHETIC_PROTOTYPE_CALIBRATED_TO_PUBLIC_MARKET_FACTOR_RANGES
2022-08-06,99.7,430.03,61.5,0.571,0.68,SYNTHETIC_PROTOTYPE_CALIBRATED_TO_PUBLIC_MARKET_FACTOR_RANGES
2022-08-07,94.75,407.81,72.04,0.568,0.58,SYNTHETIC_PROTOTYPE_CALIBRATED_TO_PUBLIC_MARKET_FACTOR_RANGES
2022-08-08,102.62,419.89,61.65,0.621,0.526,SYNTHETIC_PROTOTYPE_CALIBRATED_TO_PUBLIC_MARKET_FACTOR_RANGES
2022-08-09,107.96,411.96,66.71,0.469,0.625,SYNTHETIC_PROTOTYPE_CALIBRATED_TO_PUBLIC_MARKET_FACTOR_RANGES
2022-08-10,91.02,420.09,64.94,0.367,0.673,SYNTHETIC_PROTOTYPE_CALIBRATED_TO_PUBLIC_MARKET_FACTOR_RANGES
2022-08-11,91.64,435.45,61.44,0.436,0.693,SYNTHETIC_PROTOTYPE_CALIBRATED_TO_PUBLIC_MARKET_FACTOR_RANGES
2022-08-12,95.94,423.81,55.86,0.47,0.595,SYNTHETIC_PROTOTYPE_CALIBRATED_TO_PUBLIC_MARKET_FACTOR_RANGES
2022-08-13,101.76,397.54,63.9,0.388,0.7,SYNTHETIC_PROTOTYPE_CALIBRATED_TO_PUBLIC_MARKET_FACTOR_RANGES
2022-08-14,86.56,425.47,53.53,0.6,0.542,SYNTHETIC_PROTOTYPE_CALIBRATED_TO_PUBLIC_MARKET_FACTOR_RANGES
2022-08-15,92.89,436.08,65.78,0.647,0.617,SYNTHETIC_PROTOTYPE_CALIBRATED_TO_PUBLIC_MARKET_FACTOR_RANGES
2022-08-16,99.74,419.97,60.04,0.505,0.616,SYNTHETIC_PROTOTYPE_CALIBRATED_TO_PUBLIC_MARKET_FACTOR_RANGES
2022-08-17,81.39,435.97,48.51,0.464,0.679,SYNTHETIC_PROTOTYPE_CALIBRATED_TO_PUBLIC_MARKET_FACTOR_RANGES
2022-08-18,82.29,417.2,57.62,0.361,0.686,SYNTHETIC_PROTOTYPE_CALIBRATED_TO_PUBLIC_MARKET_FACTOR_RANGES
2022-08-19,85.65,409.17,61.47,0.586,0.673,SYNTHETIC_PROTOTYPE_CALIBRATED_TO_PUBLIC_MARKET_FACTOR_RANGES
2022-08-20,84.27,430.26,57.78,0.467,0.581,SYNTHETIC_PROTOTYPE_CALIBRATED_TO_PUBLIC_MARKET_FACTOR_RANGES
2022-08-21,90.07,409.1,61.47,0.436,0.671,SYNTHETIC_PROTOTYPE_CALIBRATED_TO_PUBLIC_MARKET_FACTOR_RANGES
2022-08-22,86.39,428.95,55.1,0.496,0.658,SYNTHETIC_PROTOTYPE_CALIBRATED_TO_PUBLIC_MARKET_FACTOR_RANGES
2022-08-23,75.52,448.95,53.16,0.409,0.571,SYNTHETIC_PROTOTYPE_CALIBRATED_TO_PUBLIC_MARKET_FACTOR_RANGES
2022-08-24,86.23,412.3,57.99,0.466,0.556,SYNTHETIC_PROTOTYPE_CALIBRATED_TO_PUBLIC_MARKET_FACTOR_RANGES
2022-08-25,80.06,421.61,58.3,0.336,0.681,SYNTHETIC_PROTOTYPE_CALIBRATED_TO_PUBLIC_MARKET_FACTOR_RANGES
2022-08-26,88.66,426.33,56.69,0.536,0.634,SYNTHETIC_PROTOTYPE_CALIBRATED_TO_PUBLIC_MARKET_FACTOR_RANGES
2022-08-27,78.54,439.73,62.89,0.439,0.59,SYNTHETIC_PROTOTYPE_CALIBRATED_TO_PUBLIC_MARKET_FACTOR_RANGES
2022-08-28,77.93,437.89,54.49,0.537,0.634,SYNTHETIC_PROTOTYPE_CALIBRATED_TO_PUBLIC_MARKET_FACTOR_RANGES
2022-08-29,83.3,460.86,59.06,0.426,0.658,SYNTHETIC_PROTOTYPE_CALIBRATED_TO_PUBLIC_MARKET_FACTOR_RANGES
2022-08-30,83.94,457.31,58.0,0.428,0.641,SYNTHETIC_PROTOTYPE_CALIBRATED_TO_PUBLIC_MARKET_FACTOR_RANGES
2022-08-31,81.95,453.59,51.42,0.339,0.583,SYNTHETIC_PROTOTYPE_CALIBRATED_TO_PUBLIC_MARKET_FACTOR_RANGES
2022-09-01,70.92,451.17,52.3,0.494,0.722,SYNTHETIC_PROTOTYPE_CALIBRATED_TO_PUBLIC_MARKET_FACTOR_RANGES
2022-09-02,81.72,455.9,57.56,0.36,0.688,SYNTHETIC_PROTOTYPE_CALIBRATED_TO_PUBLIC_MARKET_FACTOR_RANGES
2022-09-03,73.59,442.58,65.37,0.388,0.635,SYNTHETIC_PROTOTYPE_CALIBRATED_TO_PUBLIC_MARKET_FACTOR_RANGES
2022-09-04,79.72,464.93,59.7,0.424,0.638,SYNTHETIC_PROTOTYPE_CALIBRATED_TO_PUBLIC_MARKET_FACTOR_RANGES
2022-09-05,71.26,442.99,50.43,0.43,0.665,SYNTHETIC_PROTOTYPE_CALIBRATED_TO_PUBLIC_MARKET_FACTOR_RANGES
2022-09-06,80.49,468.03,44.83,0.281,0.607,SYNTHETIC_PROTOTYPE_CALIBRATED_TO_PUBLIC_MARKET_FACTOR_RANGES
2022-09-07,74.16,473.86,60.16,0.395,0.666,SYNTHETIC_PROTOTYPE_CALIBRATED_TO_PUBLIC_MARKET_FACTOR_RANGES
2022-09-08,71.75,463.75,56.8,0.474,0.601,SYNTHETIC_PROTOTYPE_CALIBRATED_TO_PUBLIC_MARKET_FACTOR_RANGES
2022-09-09,81.76,460.64,61.71,0.376,0.652,SYNTHETIC_PROTOTYPE_CALIBRATED_TO_PUBLIC_MARKET_FACTOR_RANGES
2022-09-10,79.46,469.06,53.59,0.385,0.61,SYNTHETIC_PROTOTYPE_CALIBRATED_TO_PUBLIC_MARKET_FACTOR_RANGES
2022-09-11,75.28,431.37,58.49,0.412,0.613,SYNTHETIC_PROTOTYPE_CALIBRATED_TO_PUBLIC_MARKET_FACTOR_RANGES
2022-09-12,85.75,470.73,60.44,0.385,0.725,SYNTHETIC_PROTOTYPE_CALIBRATED_TO_PUBLIC_MARKET_FACTOR_RANGES
2022-09-13,76.47,467.08,55.25,0.309,0.662,SYNTHETIC_PROTOTYPE_CALIBRATED_TO_PUBLIC_MARKET_FACTOR_RANGES
2022-09-14,79.05,469.11,55.32,0.384,0.669,SYNTHETIC_PROTOTYPE_CALIBRATED_TO_PUBLIC_MARKET_FACTOR_RANGES
2022-09-15,80.48,479.41,57.11,0.463,0.582,SYNTHETIC_PROTOTYPE_CALIBRATED_TO_PUBLIC_MARKET_FACTOR_RANGES
2022-09-16,76.31,471.19,59.17,0.295,0.64,SYNTHETIC_PROTOTYPE_CALIBRATED_TO_PUBLIC_MARKET_FACTOR_RANGES
2022-09-17,82.06,459.49,56.94,0.345,0.683,SYNTHETIC_PROTOTYPE_CALIBRATED_TO_PUBLIC_MARKET_FACTOR_RANGES
2022-09-18,77.36,472.5,60.9,0.26,0.674,SYNTHETIC_PROTOTYPE_CALIBRATED_TO_PUBLIC_MARKET_FACTOR_RANGES
2022-09-19,78.32,475.96,55.16,0.442,0.581,SYNTHETIC_PROTOTYPE_CALIBRATED_TO_PUBLIC_MARKET_FACTOR_RANGES
2022-09-20,87.55,477.41,51.7,0.355,0.677,SYNTHETIC_PROTOTYPE_CALIBRATED_TO_PUBLIC_MARKET_FACTOR_RANGES
2022-09-21,75.91,478.78,64.94,0.29,0.684,SYNTHETIC_PROTOTYPE_CALIBRATED_TO_PUBLIC_MARKET_FACTOR_RANGES
2022-09-22,69.43,490.05,54.63,0.362,0.722,SYNTHETIC_PROTOTYPE_CALIBRATED_TO_PUBLIC_MARKET_FACTOR_RANGES
2022-09-23,89.94,465.21,54.8,0.254,0.646,SYNTHETIC_PROTOTYPE_CALIBRATED_TO_PUBLIC_MARKET_FACTOR_RANGES
2022-09-24,95.03,480.94,56.84,0.263,0.584,SYNTHETIC_PROTOTYPE_CALIBRATED_TO_PUBLIC_MARKET_FACTOR_RANGES
2022-09-25,80.65,494.83,57.4,0.225,0.635,SYNTHETIC_PROTOTYPE_CALIBRATED_TO_PUBLIC_MARKET_FACTOR_RANGES
2022-09-26,73.39,458.98,55.63,0.252,0.632,SYNTHETIC_PROTOTYPE_CALIBRATED_TO_PUBLIC_MARKET_FACTOR_RANGES
2022-09-27,81.91,482.33,57.14,0.442,0.707,SYNTHETIC_PROTOTYPE_CALIBRATED_TO_PUBLIC_MARKET_FACTOR_RANGES
2022-09-28,82.41,473.45,57.1,0.271,0.57,SYNTHETIC_PROTOTYPE_CALIBRATED_TO_PUBLIC_MARKET_FACTOR_RANGES
2022-09-29,83.25,476.25,58.01,0.362,0.662,SYNTHETIC_PROTOTYPE_CALIBRATED_TO_PUBLIC_MARKET_FACTOR_RANGES
2022-09-30,78.99,470.0,47.93,0.254,0.739,SYNTHETIC_PROTOTYPE_CALIBRATED_TO_PUBLIC_MARKET_FACTOR_RANGES
2022-10-01,87.78,478.92,64.94,0.378,0.683,SYNTHETIC_PROTOTYPE_CALIBRATED_TO_PUBLIC_MARKET_FACTOR_RANGES
2022-10-02,87.82,503.07,56.9,0.231,0.72,SYNTHETIC_PROTOTYPE_CALIBRATED_TO_PUBLIC_MARKET_FACTOR_RANGES
2022-10-03,78.01,465.76,59.87,0.312,0.62,SYNTHETIC_PROTOTYPE_CALIBRATED_TO_PUBLIC_MARKET_FACTOR_RANGES
2022-10-04,89.24,466.8,52.11,0.309,0.623,SYNTHETIC_PROTOTYPE_CALIBRATED_TO_PUBLIC_MARKET_FACTOR_RANGES
2022-10-05,96.24,465.05,55.81,0.487,0.746,SYNTHETIC_PROTOTYPE_CALIBRATED_TO_PUBLIC_MARKET_FACTOR_RANGES
2022-10-06,87.03,501.18,55.09,0.348,0.694,SYNTHETIC_PROTOTYPE_CALIBRATED_TO_PUBLIC_MARKET_FACTOR_RANGES
2022-10-07,84.65,474.63,63.74,0.246,0.695,SYNTHETIC_PROTOTYPE_CALIBRATED_TO_PUBLIC_MARKET_FACTOR_RANGES
2022-10-08,85.76,479.54,55.61,0.345,0.648,SYNTHETIC_PROTOTYPE_CALIBRATED_TO_PUBLIC_MARKET_FACTOR_RANGES
2022-10-09,89.64,474.64,61.08,0.457,0.698,SYNTHETIC_PROTOTYPE_CALIBRATED_TO_PUBLIC_MARKET_FACTOR_RANGES
2022-10-10,77.97,467.72,55.54,0.153,0.649,SYNTHETIC_PROTOTYPE_CALIBRATED_TO_PUBLIC_MARKET_FACTOR_RANGES
2022-10-11,87.46,475.77,56.43,0.212,0.744,SYNTHETIC_PROTOTYPE_CALIBRATED_TO_PUBLIC_MARKET_FACTOR_RANGES
2022-10-12,84.66,507.59,57.36,0.257,0.807,SYNTHETIC_PROTOTYPE_CALIBRATED_TO_PUBLIC_MARKET_FACTOR_RANGES
2022-10-13,95.78,494.26,63.59,0.176,0.764,SYNTHETIC_PROTOTYPE_CALIBRATED_TO_PUBLIC_MARKET_FACTOR_RANGES
2022-10-14,85.56,466.76,51.01,0.18,0.72,SYNTHETIC_PROTOTYPE_CALIBRATED_TO_PUBLIC_MARKET_FACTOR_RANGES
2022-10-15,94.62,484.17,53.42,0.099,0.646,SYNTHETIC_PROTOTYPE_CALIBRATED_TO_PUBLIC_MARKET_FACTOR_RANGES
2022-10-16,80.57,465.81,51.02,0.313,0.681,SYNTHETIC_PROTOTYPE_CALIBRATED_TO_PUBLIC_MARKET_FACTOR_RANGES
2022-10-17,88.78,453.84,54.58,0.084,0.812,SYNTHETIC_PROTOTYPE_CALIBRATED_TO_PUBLIC_MARKET_FACTOR_RANGES
2022-10-18,87.16,486.75,55.81,0.179,0.71,SYNTHETIC_PROTOTYPE_CALIBRATED_TO_PUBLIC_MARKET_FACTOR_RANGES
2022-10-19,80.89,487.78,52.73,0.276,0.738,SYNTHETIC_PROTOTYPE_CALIBRATED_TO_PUBLIC_MARKET_FACTOR_RANGES
2022-10-20,85.76,485.76,56.39,0.188,0.78,SYNTHETIC_PROTOTYPE_CALIBRATED_TO_PUBLIC_MARKET_FACTOR_RANGES
2022-10-21,90.53,466.91,51.41,0.109,0.815,SYNTHETIC_PROTOTYPE_CALIBRATED_TO_PUBLIC_MARKET_FACTOR_RANGES
2022-10-22,82.4,469.9,55.54,0.077,0.749,SYNTHETIC_PROTOTYPE_CALIBRATED_TO_PUBLIC_MARKET_FACTOR_RANGES
2022-10-23,75.08,480.26,64.56,0.165,0.742,SYNTHETIC_PROTOTYPE_CALIBRATED_TO_PUBLIC_MARKET_FACTOR_RANGES
2022-10-24,82.93,475.33,61.52,0.12,0.762,SYNTHETIC_PROTOTYPE_CALIBRATED_TO_PUBLIC_MARKET_FACTOR_RANGES
2022-10-25,77.95,465.3,60.81,0.196,0.736,SYNTHETIC_PROTOTYPE_CALIBRATED_TO_PUBLIC_MARKET_FACTOR_RANGES
2022-10-26,80.16,450.01,56.21,0.065,0.739,SYNTHETIC_PROTOTYPE_CALIBRATED_TO_PUBLIC_MARKET_FACTOR_RANGES
2022-10-27,80.85,470.25,54.24,0.241,0.78,SYNTHETIC_PROTOTYPE_CALIBRATED_TO_PUBLIC_MARKET_FACTOR_RANGES
2022-10-28,72.09,481.31,55.99,0.183,0.772,SYNTHETIC_PROTOTYPE_CALIBRATED_TO_PUBLIC_MARKET_FACTOR_RANGES
2022-10-29,71.87,453.51,60.54,0.188,0.851,SYNTHETIC_PROTOTYPE_CALIBRATED_TO_PUBLIC_MARKET_FACTOR_RANGES
2022-10-30,81.66,475.1,64.36,0.287,0.785,SYNTHETIC_PROTOTYPE_CALIBRATED_TO_PUBLIC_MARKET_FACTOR_RANGES
2022-10-31,75.93,471.02,64.67,0.136,0.815,SYNTHETIC_PROTOTYPE_CALIBRATED_TO_PUBLIC_MARKET_FACTOR_RANGES
2022-11-01,64.99,475.69,63.76,0.112,0.727,SYNTHETIC_PROTOTYPE_CALIBRATED_TO_PUBLIC_MARKET_FACTOR_RANGES
2022-11-02,81.0,476.86,58.47,0.125,0.792,SYNTHETIC_PROTOTYPE_CALIBRATED_TO_PUBLIC_MARKET_FACTOR_RANGES
2022-11-03,77.68,457.83,61.7,0.153,0.744,SYNTHETIC_PROTOTYPE_CALIBRATED_TO_PUBLIC_MARKET_FACTOR_RANGES
2022-11-04,71.99,446.59,60.51,0.16,0.79,SYNTHETIC_PROTOTYPE_CALIBRATED_TO_PUBLIC_MARKET_FACTOR_RANGES
2022-11-05,68.21,459.49,61.18,0.101,0.803,SYNTHETIC_PROTOTYPE_CALIBRATED_TO_PUBLIC_MARKET_FACTOR_RANGES
2022-11-06,78.21,476.52,70.33,0.005,0.778,SYNTHETIC_PROTOTYPE_CALIBRATED_TO_PUBLIC_MARKET_FACTOR_RANGES
2022-11-07,75.02,459.39,55.33,0.122,0.874,SYNTHETIC_PROTOTYPE_CALIBRATED_TO_PUBLIC_MARKET_FACTOR_RANGES
2022-11-08,84.43,457.68,61.64,0.196,0.836,SYNTHETIC_PROTOTYPE_CALIBRATED_TO_PUBLIC_MARKET_FACTOR_RANGES
2022-11-09,73.88,444.35,67.62,0.178,0.827,SYNTHETIC_PROTOTYPE_CALIBRATED_TO_PUBLIC_MARKET_FACTOR_RANGES
2022-11-10,72.98,487.51,57.12,0.264,0.812,SYNTHETIC_PROTOTYPE_CALIBRATED_TO_PUBLIC_MARKET_FACTOR_RANGES
2022-11-11,69.5,476.75,60.61,0.325,0.853,SYNTHETIC_PROTOTYPE_CALIBRATED_TO_PUBLIC_MARKET_FACTOR_RANGES
2022-11-12,73.72,476.53,61.28,0.23,0.726,SYNTHETIC_PROTOTYPE_CALIBRATED_TO_PUBLIC_MARKET_FACTOR_RANGES
2022-11-13,72.09,479.44,62.72,0.28,0.84,SYNTHETIC_PROTOTYPE_CALIBRATED_TO_PUBLIC_MARKET_FACTOR_RANGES
2022-11-14,74.58,475.38,57.44,0.232,0.747,SYNTHETIC_PROTOTYPE_CALIBRATED_TO_PUBLIC_MARKET_FACTOR_RANGES
2022-11-15,65.1,466.26,66.43,0.308,0.765,SYNTHETIC_PROTOTYPE_CALIBRATED_TO_PUBLIC_MARKET_FACTOR_RANGES
2022-11-16,64.95,468.04,66.93,0.321,0.811,SYNTHETIC_PROTOTYPE_CALIBRATED_TO_PUBLIC_MARKET_FACTOR_RANGES
2022-11-17,64.18,465.79,66.52,0.313,0.794,SYNTHETIC_PROTOTYPE_CALIBRATED_TO_PUBLIC_MARKET_FACTOR_RANGES
2022-11-18,70.02,503.55,61.23,0.295,0.7,SYNTHETIC_PROTOTYPE_CALIBRATED_TO_PUBLIC_MARKET_FACTOR_RANGES
2022-11-19,73.09,479.72,65.28,0.224,0.726,SYNTHETIC_PROTOTYPE_CALIBRATED_TO_PUBLIC_MARKET_FACTOR_RANGES
2022-11-20,62.87,468.69,61.57,0.239,0.752,SYNTHETIC_PROTOTYPE_CALIBRATED_TO_PUBLIC_MARKET_FACTOR_RANGES
2022-11-21,62.66,481.15,64.07,0.217,0.742,SYNTHETIC_PROTOTYPE_CALIBRATED_TO_PUBLIC_MARKET_FACTOR_RANGES
2022-11-22,66.02,464.84,74.24,0.296,0.784,SYNTHETIC_PROTOTYPE_CALIBRATED_TO_PUBLIC_MARKET_FACTOR_RANGES
2022-11-23,62.93,496.53,66.25,0.191,0.889,SYNTHETIC_PROTOTYPE_CALIBRATED_TO_PUBLIC_MARKET_FACTOR_RANGES
2022-11-24,68.69,472.14,61.35,0.235,0.769,SYNTHETIC_PROTOTYPE_CALIBRATED_TO_PUBLIC_MARKET_FACTOR_RANGES
2022-11-25,52.48,487.79,67.06,0.065,0.724,SYNTHETIC_PROTOTYPE_CALIBRATED_TO_PUBLIC_MARKET_FACTOR_RANGES
2022-11-26,59.48,496.36,61.17,0.393,0.703,SYNTHETIC_PROTOTYPE_CALIBRATED_TO_PUBLIC_MARKET_FACTOR_RANGES
2022-11-27,59.62,490.08,62.02,0.24,0.742,SYNTHETIC_PROTOTYPE_CALIBRATED_TO_PUBLIC_MARKET_FACTOR_RANGES
2022-11-28,51.91,488.58,62.9,0.297,0.719,SYNTHETIC_PROTOTYPE_CALIBRATED_TO_PUBLIC_MARKET_FACTOR_RANGES
2022-11-29,58.72,489.65,65.53,0.38,0.776,SYNTHETIC_PROTOTYPE_CALIBRATED_TO_PUBLIC_MARKET_FACTOR_RANGES
2022-11-30,59.05,491.0,71.3,0.291,0.776,SYNTHETIC_PROTOTYPE_CALIBRATED_TO_PUBLIC_MARKET_FACTOR_RANGES
2022-12-01,62.76,487.01,70.11,0.385,0.741,SYNTHETIC_PROTOTYPE_CALIBRATED_TO_PUBLIC_MARKET_FACTOR_RANGES
2022-12-02,69.53,490.87,70.14,0.174,0.84,SYNTHETIC_PROTOTYPE_CALIBRATED_TO_PUBLIC_MARKET_FACTOR_RANGES
2022-12-03,62.99,516.43,63.9,0.468,0.732,SYNTHETIC_PROTOTYPE_CALIBRATED_TO_PUBLIC_MARKET_FACTOR_RANGES
2022-12-04,59.36,499.87,66.38,0.366,0.757,SYNTHETIC_PROTOTYPE_CALIBRATED_TO_PUBLIC_MARKET_FACTOR_RANGES
2022-12-05,64.59,494.31,69.89,0.3,0.788,SYNTHETIC_PROTOTYPE_CALIBRATED_TO_PUBLIC_MARKET_FACTOR_RANGES
2022-12-06,70.52,500.18,66.54,0.4,0.799,SYNTHETIC_PROTOTYPE_CALIBRATED_TO_PUBLIC_MARKET_FACTOR_RANGES
2022-12-07,60.85,522.28,68.19,0.197,0.816,SYNTHETIC_PROTOTYPE_CALIBRATED_TO_PUBLIC_MARKET_FACTOR_RANGES
2022-12-08,61.69,519.96,71.32,0.271,0.782,SYNTHETIC_PROTOTYPE_CALIBRATED_TO_PUBLIC_MARKET_FACTOR_RANGES
2022-12-09,69.59,521.4,68.42,0.413,0.808,SYNTHETIC_PROTOTYPE_CALIBRATED_TO_PUBLIC_MARKET_FACTOR_RANGES
2022-12-10,66.28,514.47,70.97,0.152,0.74,SYNTHETIC_PROTOTYPE_CALIBRATED_TO_PUBLIC_MARKET_FACTOR_RANGES
2022-12-11,71.26,527.38,76.7,0.35,0.804,SYNTHETIC_PROTOTYPE_CALIBRATED_TO_PUBLIC_MARKET_FACTOR_RANGES
2022-12-12,68.64,515.76,69.9,0.352,0.805,SYNTHETIC_PROTOTYPE_CALIBRATED_TO_PUBLIC_MARKET_FACTOR_RANGES
2022-12-13,72.93,523.39,75.56,0.47,0.83,SYNTHETIC_PROTOTYPE_CALIBRATED_TO_PUBLIC_MARKET_FACTOR_RANGES
2022-12-14,65.0,541.21,73.33,0.19,0.703,SYNTHETIC_PROTOTYPE_CALIBRATED_TO_PUBLIC_MARKET_FACTOR_RANGES
2022-12-15,70.89,543.15,65.49,0.45,0.734,SYNTHETIC_PROTOTYPE_CALIBRATED_TO_PUBLIC_MARKET_FACTOR_RANGES
2022-12-16,70.71,524.0,67.2,0.28,0.804,SYNTHETIC_PROTOTYPE_CALIBRATED_TO_PUBLIC_MARKET_FACTOR_RANGES
2022-12-17,66.52,528.66,68.54,0.293,0.666,SYNTHETIC_PROTOTYPE_CALIBRATED_TO_PUBLIC_MARKET_FACTOR_RANGES
2022-12-18,65.64,543.39,68.71,0.236,0.792,SYNTHETIC_PROTOTYPE_CALIBRATED_TO_PUBLIC_MARKET_FACTOR_RANGES
2022-12-19,77.76,565.96,72.03,0.25,0.815,SYNTHETIC_PROTOTYPE_CALIBRATED_TO_PUBLIC_MARKET_FACTOR_RANGES
2022-12-20,73.47,525.44,75.1,0.374,0.75,SYNTHETIC_PROTOTYPE_CALIBRATED_TO_PUBLIC_MARKET_FACTOR_RANGES
2022-12-21,71.02,554.94,77.92,0.257,0.757,SYNTHETIC_PROTOTYPE_CALIBRATED_TO_PUBLIC_MARKET_FACTOR_RANGES
2022-12-22,76.56,538.26,74.39,0.409,0.731,SYNTHETIC_PROTOTYPE_CALIBRATED_TO_PUBLIC_MARKET_FACTOR_RANGES
2022-12-23,83.6,550.32,71.63,0.301,0.754,SYNTHETIC_PROTOTYPE_CALIBRATED_TO_PUBLIC_MARKET_FACTOR_RANGES
2022-12-24,67.48,556.71,65.34,0.261,0.756,SYNTHETIC_PROTOTYPE_CALIBRATED_TO_PUBLIC_MARKET_FACTOR_RANGES
2022-12-25,72.32,559.16,74.21,0.32,0.749,SYNTHETIC_PROTOTYPE_CALIBRATED_TO_PUBLIC_MARKET_FACTOR_RANGES
2022-12-26,76.1,560.89,74.29,0.394,0.747,SYNTHETIC_PROTOTYPE_CALIBRATED_TO_PUBLIC_MARKET_FACTOR_RANGES
2022-12-27,88.93,570.45,75.17,0.349,0.766,SYNTHETIC_PROTOTYPE_CALIBRATED_TO_PUBLIC_MARKET_FACTOR_RANGES
2022-12-28,83.93,566.97,83.12,0.378,0.766,SYNTHETIC_PROTOTYPE_CALIBRATED_TO_PUBLIC_MARKET_FACTOR_RANGES
2022-12-29,87.23,558.83,79.91,0.435,0.852,SYNTHETIC_PROTOTYPE_CALIBRATED_TO_PUBLIC_MARKET_FACTOR_RANGES
2022-12-30,78.56,588.68,78.34,0.47,0.762,SYNTHETIC_PROTOTYPE_CALIBRATED_TO_PUBLIC_MARKET_FACTOR_RANGES
2022-12-31,79.5,591.24,71.6,0.362,0.792,SYNTHETIC_PROTOTYPE_CALIBRATED_TO_PUBLIC_MARKET_FACTOR_RANGES
2023-01-01,88.15,595.15,73.65,0.308,0.755,SYNTHETIC_PROTOTYPE_CALIBRATED_TO_PUBLIC_MARKET_FACTOR_RANGES
2023-01-02,86.99,569.32,75.57,0.401,0.755,SYNTHETIC_PROTOTYPE_CALIBRATED_TO_PUBLIC_MARKET_FACTOR_RANGES
2023-01-03,90.21,594.09,73.1,0.436,0.711,SYNTHETIC_PROTOTYPE_CALIBRATED_TO_PUBLIC_MARKET_FACTOR_RANGES
2023-01-04,87.25,601.25,78.45,0.286,0.716,SYNTHETIC_PROTOTYPE_CALIBRATED_TO_PUBLIC_MARKET_FACTOR_RANGES
2023-01-05,90.28,583.31,78.12,0.335,0.731,SYNTHETIC_PROTOTYPE_CALIBRATED_TO_PUBLIC_MARKET_FACTOR_RANGES
2023-01-06,90.33,598.27,72.58,0.352,0.787,SYNTHETIC_PROTOTYPE_CALIBRATED_TO_PUBLIC_MARKET_FACTOR_RANGES
2023-01-07,94.05,599.16,81.97,0.397,0.823,SYNTHETIC_PROTOTYPE_CALIBRATED_TO_PUBLIC_MARKET_FACTOR_RANGES
2023-01-08,94.78,624.96,77.83,0.356,0.708,SYNTHETIC_PROTOTYPE_CALIBRATED_TO_PUBLIC_MARKET_FACTOR_RANGES
2023-01-09,83.18,628.16,70.75,0.477,0.758,SYNTHETIC_PROTOTYPE_CALIBRATED_TO_PUBLIC_MARKET_FACTOR_RANGES
2023-01-10,80.54,587.22,77.69,0.295,0.725,SYNTHETIC_PROTOTYPE_CALIBRATED_TO_PUBLIC_MARKET_FACTOR_RANGES
2023-01-11,97.24,639.13,79.26,0.301,0.769,SYNTHETIC_PROTOTYPE_CALIBRATED_TO_PUBLIC_MARKET_FACTOR_RANGES
2023-01-12,98.58,600.14,82.26,0.404,0.823,SYNTHETIC_PROTOTYPE_CALIBRATED_TO_PUBLIC_MARKET_FACTOR_RANGES
2023-01-13,87.9,624.71,77.25,0.419,0.762,SYNTHETIC_PROTOTYPE_CALIBRATED_TO_PUBLIC_MARKET_FACTOR_RANGES
2023-01-14,84.03,626.3,82.15,0.32,0.778,SYNTHETIC_PROTOTYPE_CALIBRATED_TO_PUBLIC_MARKET_FACTOR_RANGES
2023-01-15,94.09,604.31,79.81,0.391,0.838,SYNTHETIC_PROTOTYPE_CALIBRATED_TO_PUBLIC_MARKET_FACTOR_RANGES
2023-01-16,98.48,623.67,74.03,0.41,0.798,SYNTHETIC_PROTOTYPE_CALIBRATED_TO_PUBLIC_MARKET_FACTOR_RANGES
2023-01-17,103.0,617.84,73.85,0.413,0.749,SYNTHETIC_PROTOTYPE_CALIBRATED_TO_PUBLIC_MARKET_FACTOR_RANGES
2023-01-18,96.73,627.05,84.23,0.459,0.786,SYNTHETIC_PROTOTYPE_CALIBRATED_TO_PUBLIC_MARKET_FACTOR_RANGES
2023-01-19,92.39,624.32,84.74,0.397,0.746,SYNTHETIC_PROTOTYPE_CALIBRATED_TO_PUBLIC_MARKET_FACTOR_RANGES
2023-01-20,89.84,636.95,81.47,0.57,0.796,SYNTHETIC_PROTOTYPE_CALIBRATED_TO_PUBLIC_MARKET_FACTOR_RANGES
2023-01-21,94.37,624.42,86.37,0.493,0.8,SYNTHETIC_PROTOTYPE_CALIBRATED_TO_PUBLIC_MARKET_FACTOR_RANGES
2023-01-22,92.79,622.31,84.83,0.391,0.724,SYNTHETIC_PROTOTYPE_CALIBRATED_TO_PUBLIC_MARKET_FACTOR_RANGES
2023-01-23,89.15,638.17,83.55,0.465,0.786,SYNTHETIC_PROTOTYPE_CALIBRATED_TO_PUBLIC_MARKET_FACTOR_RANGES
2023-01-24,104.37,632.56,77.37,0.47,0.774,SYNTHETIC_PROTOTYPE_CALIBRATED_TO_PUBLIC_MARKET_FACTOR_RANGES
2023-01-25,102.92,634.83,88.15,0.558,0.8,SYNTHETIC_PROTOTYPE_CALIBRATED_TO_PUBLIC_MARKET_FACTOR_RANGES
2023-01-26,99.51,618.42,83.57,0.415,0.811,SYNTHETIC_PROTOTYPE_CALIBRATED_TO_PUBLIC_MARKET_FACTOR_RANGES
2023-01-27,89.03,614.08,80.08,0.526,0.797,SYNTHETIC_PROTOTYPE_CALIBRATED_TO_PUBLIC_MARKET_FACTOR_RANGES
2023-01-28,97.69,619.93,79.15,0.469,0.765,SYNTHETIC_PROTOTYPE_CALIBRATED_TO_PUBLIC_MARKET_FACTOR_RANGES
2023-01-29,96.37,619.3,83.04,0.586,0.814,SYNTHETIC_PROTOTYPE_CALIBRATED_TO_PUBLIC_MARKET_FACTOR_RANGES
2023-01-30,95.12,636.08,75.52,0.571,0.742,SYNTHETIC_PROTOTYPE_CALIBRATED_TO_PUBLIC_MARKET_FACTOR_RANGES
2023-01-31,98.87,638.14,85.19,0.484,0.723,SYNTHETIC_PROTOTYPE_CALIBRATED_TO_PUBLIC_MARKET_FACTOR_RANGES
2023-02-01,95.5,624.25,78.76,0.448,0.648,SYNTHETIC_PROTOTYPE_CALIBRATED_TO_PUBLIC_MARKET_FACTOR_RANGES
2023-02-02,95.72,642.86,84.24,0.51,0.772,SYNTHETIC_PROTOTYPE_CALIBRATED_TO_PUBLIC_MARKET_FACTOR_RANGES
2023-02-03,94.88,641.59,80.85,0.455,0.742,SYNTHETIC_PROTOTYPE_CALIBRATED_TO_PUBLIC_MARKET_FACTOR_RANGES
2023-02-04,93.08,627.47,82.05,0.604,0.79,SYNTHETIC_PROTOTYPE_CALIBRATED_TO_PUBLIC_MARKET_FACTOR_RANGES
2023-02-05,82.13,613.97,80.26,0.476,0.695,SYNTHETIC_PROTOTYPE_CALIBRATED_TO_PUBLIC_MARKET_FACTOR_RANGES
2023-02-06,91.14,641.93,82.81,0.437,0.747,SYNTHETIC_PROTOTYPE_CALIBRATED_TO_PUBLIC_MARKET_FACTOR_RANGES
2023-02-07,87.62,621.4,91.18,0.433,0.791,SYNTHETIC_PROTOTYPE_CALIBRATED_TO_PUBLIC_MARKET_FACTOR_RANGES
2023-02-08,83.69,622.67,89.32,0.372,0.731,SYNTHETIC_PROTOTYPE_CALIBRATED_TO_PUBLIC_MARKET_FACTOR_RANGES
2023-02-09,98.2,616.03,85.35,0.513,0.788,SYNTHETIC_PROTOTYPE_CALIBRATED_TO_PUBLIC_MARKET_FACTOR_RANGES
2023-02-10,98.15,608.29,83.99,0.403,0.748,SYNTHETIC_PROTOTYPE_CALIBRATED_TO_PUBLIC_MARKET_FACTOR_RANGES
2023-02-11,96.03,600.14,87.62,0.555,0.769,SYNTHETIC_PROTOTYPE_CALIBRATED_TO_PUBLIC_MARKET_FACTOR_RANGES
2023-02-12,90.26,624.09,88.91,0.363,0.793,SYNTHETIC_PROTOTYPE_CALIBRATED_TO_PUBLIC_MARKET_FACTOR_RANGES
2023-02-13,95.51,605.75,81.21,0.476,0.807,SYNTHETIC_PROTOTYPE_CALIBRATED_TO_PUBLIC_MARKET_FACTOR_RANGES
2023-02-14,88.61,650.47,84.36,0.556,0.772,SYNTHETIC_PROTOTYPE_CALIBRATED_TO_PUBLIC_MARKET_FACTOR_RANGES
2023-02-15,89.4,599.28,77.52,0.291,0.735,SYNTHETIC_PROTOTYPE_CALIBRATED_TO_PUBLIC_MARKET_FACTOR_RANGES
2023-02-16,82.78,595.72,89.43,0.623,0.748,SYNTHETIC_PROTOTYPE_CALIBRATED_TO_PUBLIC_MARKET_FACTOR_RANGES
2023-02-17,90.12,615.39,93.33,0.426,0.791,SYNTHETIC_PROTOTYPE_CALIBRATED_TO_PUBLIC_MARKET_FACTOR_RANGES
2023-02-18,88.37,626.04,85.52,0.469,0.724,SYNTHETIC_PROTOTYPE_CALIBRATED_TO_PUBLIC_MARKET_FACTOR_RANGES
2023-02-19,81.52,606.84,76.82,0.502,0.757,SYNTHETIC_PROTOTYPE_CALIBRATED_TO_PUBLIC_MARKET_FACTOR_RANGES
2023-02-20,87.79,611.28,87.87,0.512,0.748,SYNTHETIC_PROTOTYPE_CALIBRATED_TO_PUBLIC_MARKET_FACTOR_RANGES
2023-02-21,87.69,580.62,81.93,0.474,0.758,SYNTHETIC_PROTOTYPE_CALIBRATED_TO_PUBLIC_MARKET_FACTOR_RANGES
2023-02-22,97.17,592.92,83.0,0.529,0.721,SYNTHETIC_PROTOTYPE_CALIBRATED_TO_PUBLIC_MARKET_FACTOR_RANGES
2023-02-23,92.79,586.46,88.27,0.489,0.687,SYNTHETIC_PROTOTYPE_CALIBRATED_TO_PUBLIC_MARKET_FACTOR_RANGES
2023-02-24,88.56,574.88,86.88,0.585,0.781,SYNTHETIC_PROTOTYPE_CALIBRATED_TO_PUBLIC_MARKET_FACTOR_RANGES
2023-02-25,89.98,597.3,84.0,0.484,0.797,SYNTHETIC_PROTOTYPE_CALIBRATED_TO_PUBLIC_MARKET_FACTOR_RANGES
2023-02-26,89.23,567.26,83.45,0.596,0.686,SYNTHETIC_PROTOTYPE_CALIBRATED_TO_PUBLIC_MARKET_FACTOR_RANGES
2023-02-27,88.32,576.59,86.64,0.508,0.772,SYNTHETIC_PROTOTYPE_CALIBRATED_TO_PUBLIC_MARKET_FACTOR_RANGES
2023-02-28,84.29,584.3,84.58,0.289,0.799,SYNTHETIC_PROTOTYPE_CALIBRATED_TO_PUBLIC_MARKET_FACTOR_RANGES
2023-03-01,89.36,579.07,81.86,0.639,0.779,SYNTHETIC_PROTOTYPE_CALIBRATED_TO_PUBLIC_MARKET_FACTOR_RANGES
2023-03-02,86.85,592.13,85.05,0.381,0.737,SYNTHETIC_PROTOTYPE_CALIBRATED_TO_PUBLIC_MARKET_FACTOR_RANGES
2023-03-03,84.84,589.38,87.81,0.544,0.715,SYNTHETIC_PROTOTYPE_CALIBRATED_TO_PUBLIC_MARKET_FACTOR_RANGES
2023-03-04,94.21,594.81,85.8,0.423,0.755,SYNTHETIC_PROTOTYPE_CALIBRATED_TO_PUBLIC_MARKET_FACTOR_RANGES
2023-03-05,94.21,591.52,80.92,0.502,0.761,SYNTHETIC_PROTOTYPE_CALIBRATED_TO_PUBLIC_MARKET_FACTOR_RANGES
2023-03-06,83.96,594.62,90.59,0.359,0.754,SYNTHETIC_PROTOTYPE_CALIBRATED_TO_PUBLIC_MARKET_FACTOR_RANGES
2023-03-07,92.97,579.39,75.74,0.46,0.742,SYNTHETIC_PROTOTYPE_CALIBRATED_TO_PUBLIC_MARKET_FACTOR_RANGES
2023-03-08,99.29,581.57,84.96,0.386,0.704,SYNTHETIC_PROTOTYPE_CALIBRATED_TO_PUBLIC_MARKET_FACTOR_RANGES
2023-03-09,100.37,582.64,84.31,0.529,0.763,SYNTHETIC_PROTOTYPE_CALIBRATED_TO_PUBLIC_MARKET_FACTOR_RANGES
2023-03-10,101.0,576.82,87.42,0.434,0.764,SYNTHETIC_PROTOTYPE_CALIBRATED_TO_PUBLIC_MARKET_FACTOR_RANGES
2023-03-11,96.9,569.02,89.11,0.47,0.752,SYNTHETIC_PROTOTYPE_CALIBRATED_TO_PUBLIC_MARKET_FACTOR_RANGES
2023-03-12,93.35,568.52,91.4,0.218,0.748,SYNTHETIC_PROTOTYPE_CALIBRATED_TO_PUBLIC_MARKET_FACTOR_RANGES
2023-03-13,93.05,561.49,84.08,0.38,0.809,SYNTHETIC_PROTOTYPE_CALIBRATED_TO_PUBLIC_MARKET_FACTOR_RANGES
2023-03-14,101.11,575.2,89.29,0.416,0.716,SYNTHETIC_PROTOTYPE_CALIBRATED_TO_PUBLIC_MARKET_FACTOR_RANGES
2023-03-15,102.23,567.92,87.75,0.397,0.791,SYNTHETIC_PROTOTYPE_CALIBRATED_TO_PUBLIC_MARKET_FACTOR_RANGES
2023-03-16,107.73,560.07,80.14,0.452,0.709,SYNTHETIC_PROTOTYPE_CALIBRATED_TO_PUBLIC_MARKET_FACTOR_RANGES
2023-03-17,107.77,559.12,94.59,0.342,0.782,SYNTHETIC_PROTOTYPE_CALIBRATED_TO_PUBLIC_MARKET_FACTOR_RANGES
2023-03-18,102.6,551.65,81.24,0.371,0.785,SYNTHETIC_PROTOTYPE_CALIBRATED_TO_PUBLIC_MARKET_FACTOR_RANGES
2023-03-19,98.05,577.1,88.68,0.457,0.723,SYNTHETIC_PROTOTYPE_CALIBRATED_TO_PUBLIC_MARKET_FACTOR_RANGES
2023-03-20,103.68,565.55,88.56,0.176,0.8,SYNTHETIC_PROTOTYPE_CALIBRATED_TO_PUBLIC_MARKET_FACTOR_RANGES
2023-03-21,107.38,553.58,88.09,0.401,0.751,SYNTHETIC_PROTOTYPE_CALIBRATED_TO_PUBLIC_MARKET_FACTOR_RANGES
2023-03-22,106.29,573.03,85.0,0.323,0.696,SYNTHETIC_PROTOTYPE_CALIBRATED_TO_PUBLIC_MARKET_FACTOR_RANGES
2023-03-23,105.42,556.07,90.27,0.273,0.715,SYNTHETIC_PROTOTYPE_CALIBRATED_TO_PUBLIC_MARKET_FACTOR_RANGES
2023-03-24,110.58,545.46,80.7,0.369,0.774,SYNTHETIC_PROTOTYPE_CALIBRATED_TO_PUBLIC_MARKET_FACTOR_RANGES
2023-03-25,107.79,574.21,86.65,0.436,0.764,SYNTHETIC_PROTOTYPE_CALIBRATED_TO_PUBLIC_MARKET_FACTOR_RANGES
2023-03-26,108.14,555.19,84.63,0.416,0.684,SYNTHETIC_PROTOTYPE_CALIBRATED_TO_PUBLIC_MARKET_FACTOR_RANGES
2023-03-27,113.8,556.49,84.14,0.318,0.719,SYNTHETIC_PROTOTYPE_CALIBRATED_TO_PUBLIC_MARKET_FACTOR_RANGES
2023-03-28,111.17,561.72,88.53,0.395,0.731,SYNTHETIC_PROTOTYPE_CALIBRATED_TO_PUBLIC_MARKET_FACTOR_RANGES
2023-03-29,115.32,574.83,91.08,0.39,0.702,SYNTHETIC_PROTOTYPE_CALIBRATED_TO_PUBLIC_MARKET_FACTOR_RANGES
2023-03-30,116.35,561.32,85.35,0.31,0.815,SYNTHETIC_PROTOTYPE_CALIBRATED_TO_PUBLIC_MARKET_FACTOR_RANGES
2023-03-31,110.15,546.72,89.79,0.257,0.729,SYNTHETIC_PROTOTYPE_CALIBRATED_TO_PUBLIC_MARKET_FACTOR_RANGES
2023-04-01,114.27,567.74,86.81,0.258,0.715,SYNTHETIC_PROTOTYPE_CALIBRATED_TO_PUBLIC_MARKET_FACTOR_RANGES
2023-04-02,124.65,555.55,82.98,0.372,0.764,SYNTHETIC_PROTOTYPE_CALIBRATED_TO_PUBLIC_MARKET_FACTOR_RANGES
2023-04-03,112.4,584.24,85.46,0.298,0.701,SYNTHETIC_PROTOTYPE_CALIBRATED_TO_PUBLIC_MARKET_FACTOR_RANGES
2023-04-04,108.34,561.84,85.22,0.214,0.754,SYNTHETIC_PROTOTYPE_CALIBRATED_TO_PUBLIC_MARKET_FACTOR_RANGES
2023-04-05,110.28,535.36,83.56,0.159,0.646,SYNTHETIC_PROTOTYPE_CALIBRATED_TO_PUBLIC_MARKET_FACTOR_RANGES
2023-04-06,120.36,566.85,87.99,0.357,0.693,SYNTHETIC_PROTOTYPE_CALIBRATED_TO_PUBLIC_MARKET_FACTOR_RANGES
2023-04-07,120.94,586.32,87.13,0.243,0.752,SYNTHETIC_PROTOTYPE_CALIBRATED_TO_PUBLIC_MARKET_FACTOR_RANGES
2023-04-08,120.72,582.37,79.74,0.309,0.771,SYNTHETIC_PROTOTYPE_CALIBRATED_TO_PUBLIC_MARKET_FACTOR_RANGES
2023-04-09,127.86,585.94,79.41,0.379,0.676,SYNTHETIC_PROTOTYPE_CALIBRATED_TO_PUBLIC_MARKET_FACTOR_RANGES
2023-04-10,108.85,552.28,87.62,0.171,0.67,SYNTHETIC_PROTOTYPE_CALIBRATED_TO_PUBLIC_MARKET_FACTOR_RANGES
2023-04-11,124.56,576.05,82.56,0.269,0.727,SYNTHETIC_PROTOTYPE_CALIBRATED_TO_PUBLIC_MARKET_FACTOR_RANGES
2023-04-12,130.71,557.05,86.93,0.256,0.678,SYNTHETIC_PROTOTYPE_CALIBRATED_TO_PUBLIC_MARKET_FACTOR_RANGES
2023-04-13,117.53,569.04,88.74,0.297,0.691,SYNTHETIC_PROTOTYPE_CALIBRATED_TO_PUBLIC_MARKET_FACTOR_RANGES
2023-04-14,121.48,551.73,80.42,0.363,0.735,SYNTHETIC_PROTOTYPE_CALIBRATED_TO_PUBLIC_MARKET_FACTOR_RANGES
2023-04-15,119.77,559.95,79.74,0.154,0.677,SYNTHETIC_PROTOTYPE_CALIBRATED_TO_PUBLIC_MARKET_FACTOR_RANGES
2023-04-16,119.16,560.26,91.97,0.304,0.619,SYNTHETIC_PROTOTYPE_CALIBRATED_TO_PUBLIC_MARKET_FACTOR_RANGES
2023-04-17,122.05,579.85,86.55,0.338,0.644,SYNTHETIC_PROTOTYPE_CALIBRATED_TO_PUBLIC_MARKET_FACTOR_RANGES
2023-04-18,130.82,579.37,83.35,0.238,0.695,SYNTHETIC_PROTOTYPE_CALIBRATED_TO_PUBLIC_MARKET_FACTOR_RANGES
2023-04-19,132.81,573.79,81.16,0.24,0.619,SYNTHETIC_PROTOTYPE_CALIBRATED_TO_PUBLIC_MARKET_FACTOR_RANGES
2023-04-20,121.84,554.95,82.72,0.282,0.68,SYNTHETIC_PROTOTYPE_CALIBRATED_TO_PUBLIC_MARKET_FACTOR_RANGES
2023-04-21,132.89,568.1,79.86,0.274,0.635,SYNTHETIC_PROTOTYPE_CALIBRATED_TO_PUBLIC_MARKET_FACTOR_RANGES
2023-04-22,123.33,563.55,88.01,0.291,0.755,SYNTHETIC_PROTOTYPE_CALIBRATED_TO_PUBLIC_MARKET_FACTOR_RANGES
2023-04-23,131.67,583.58,81.23,0.287,0.774,SYNTHETIC_PROTOTYPE_CALIBRATED_TO_PUBLIC_MARKET_FACTOR_RANGES
2023-04-24,122.14,587.9,88.56,0.162,0.644,SYNTHETIC_PROTOTYPE_CALIBRATED_TO_PUBLIC_MARKET_FACTOR_RANGES
2023-04-25,122.93,587.03,82.43,0.318,0.695,SYNTHETIC_PROTOTYPE_CALIBRATED_TO_PUBLIC_MARKET_FACTOR_RANGES
2023-04-26,123.72,565.85,79.7,0.331,0.645,SYNTHETIC_PROTOTYPE_CALIBRATED_TO_PUBLIC_MARKET_FACTOR_RANGES
2023-04-27,137.38,542.56,82.01,0.251,0.67,SYNTHETIC_PROTOTYPE_CALIBRATED_TO_PUBLIC_MARKET_FACTOR_RANGES
2023-04-28,125.29,554.71,73.06,0.115,0.753,SYNTHETIC_PROTOTYPE_CALIBRATED_TO_PUBLIC_MARKET_FACTOR_RANGES
2023-04-29,117.02,593.4,82.91,0.224,0.661,SYNTHETIC_PROTOTYPE_CALIBRATED_TO_PUBLIC_MARKET_FACTOR_RANGES
2023-04-30,124.89,571.9,82.54,0.248,0.667,SYNTHETIC_PROTOTYPE_CALIBRATED_TO_PUBLIC_MARKET_FACTOR_RANGES
2023-05-01,117.7,568.03,86.35,0.14,0.639,SYNTHETIC_PROTOTYPE_CALIBRATED_TO_PUBLIC_MARKET_FACTOR_RANGES
2023-05-02,116.5,597.01,75.33,0.202,0.722,SYNTHETIC_PROTOTYPE_CALIBRATED_TO_PUBLIC_MARKET_FACTOR_RANGES
2023-05-03,122.91,592.68,87.34,0.118,0.544,SYNTHETIC_PROTOTYPE_CALIBRATED_TO_PUBLIC_MARKET_FACTOR_RANGES
2023-05-04,117.93,577.92,85.79,0.279,0.655,SYNTHETIC_PROTOTYPE_CALIBRATED_TO_PUBLIC_MARKET_FACTOR_RANGES
2023-05-05,118.56,574.17,87.33,0.243,0.67,SYNTHETIC_PROTOTYPE_CALIBRATED_TO_PUBLIC_MARKET_FACTOR_RANGES
2023-05-06,116.62,576.09,81.92,0.098,0.644,SYNTHETIC_PROTOTYPE_CALIBRATED_TO_PUBLIC_MARKET_FACTOR_RANGES
2023-05-07,117.61,580.31,86.0,0.258,0.704,SYNTHETIC_PROTOTYPE_CALIBRATED_TO_PUBLIC_MARKET_FACTOR_RANGES
2023-05-08,117.42,596.61,75.86,0.226,0.716,SYNTHETIC_PROTOTYPE_CALIBRATED_TO_PUBLIC_MARKET_FACTOR_RANGES
2023-05-09,104.98,582.23,84.4,0.272,0.61,SYNTHETIC_PROTOTYPE_CALIBRATED_TO_PUBLIC_MARKET_FACTOR_RANGES
2023-05-10,117.38,585.53,78.27,0.2,0.749,SYNTHETIC_PROTOTYPE_CALIBRATED_TO_PUBLIC_MARKET_FACTOR_RANGES
2023-05-11,108.52,590.42,74.54,0.168,0.607,SYNTHETIC_PROTOTYPE_CALIBRATED_TO_PUBLIC_MARKET_FACTOR_RANGES
2023-05-12,105.61,561.83,76.44,0.171,0.715,SYNTHETIC_PROTOTYPE_CALIBRATED_TO_PUBLIC_MARKET_FACTOR_RANGES
2023-05-13,111.94,584.31,80.76,0.191,0.668,SYNTHETIC_PROTOTYPE_CALIBRATED_TO_PUBLIC_MARKET_FACTOR_RANGES
2023-05-14,112.07,571.01,77.22,0.236,0.641,SYNTHETIC_PROTOTYPE_CALIBRATED_TO_PUBLIC_MARKET_FACTOR_RANGES
2023-05-15,107.63,543.54,81.81,0.248,0.643,SYNTHETIC_PROTOTYPE_CALIBRATED_TO_PUBLIC_MARKET_FACTOR_RANGES
2023-05-16,114.72,547.3,72.86,0.222,0.657,SYNTHETIC_PROTOTYPE_CALIBRATED_TO_PUBLIC_MARKET_FACTOR_RANGES
2023-05-17,103.34,559.62,71.37,0.205,0.665,SYNTHETIC_PROTOTYPE_CALIBRATED_TO_PUBLIC_MARKET_FACTOR_RANGES
2023-05-18,107.53,577.11,85.14,0.212,0.619,SYNTHETIC_PROTOTYPE_CALIBRATED_TO_PUBLIC_MARKET_FACTOR_RANGES
2023-05-19,106.19,570.9,83.05,0.443,0.645,SYNTHETIC_PROTOTYPE_CALIBRATED_TO_PUBLIC_MARKET_FACTOR_RANGES
2023-05-20,108.46,570.45,75.01,0.182,0.623,SYNTHETIC_PROTOTYPE_CALIBRATED_TO_PUBLIC_MARKET_FACTOR_RANGES
2023-05-21,109.7,590.25,78.97,0.201,0.604,SYNTHETIC_PROTOTYPE_CALIBRATED_TO_PUBLIC_MARKET_FACTOR_RANGES
2023-05-22,102.92,550.12,82.83,0.512,0.619,SYNTHETIC_PROTOTYPE_CALIBRATED_TO_PUBLIC_MARKET_FACTOR_RANGES
2023-05-23,111.26,563.42,80.19,0.284,0.604,SYNTHETIC_PROTOTYPE_CALIBRATED_TO_PUBLIC_MARKET_FACTOR_RANGES
2023-05-24,107.68,565.71,78.88,0.143,0.633,SYNTHETIC_PROTOTYPE_CALIBRATED_TO_PUBLIC_MARKET_FACTOR_RANGES
2023-05-25,97.67,551.43,82.43,0.323,0.666,SYNTHETIC_PROTOTYPE_CALIBRATED_TO_PUBLIC_MARKET_FACTOR_RANGES
2023-05-26,97.14,558.71,74.89,0.185,0.652,SYNTHETIC_PROTOTYPE_CALIBRATED_TO_PUBLIC_MARKET_FACTOR_RANGES
2023-05-27,106.72,537.19,77.7,0.334,0.725,SYNTHETIC_PROTOTYPE_CALIBRATED_TO_PUBLIC_MARKET_FACTOR_RANGES
2023-05-28,105.56,571.24,77.26,0.247,0.557,SYNTHETIC_PROTOTYPE_CALIBRATED_TO_PUBLIC_MARKET_FACTOR_RANGES
2023-05-29,106.08,543.98,76.0,0.231,0.663,SYNTHETIC_PROTOTYPE_CALIBRATED_TO_PUBLIC_MARKET_FACTOR_RANGES
2023-05-30,106.43,574.28,75.29,0.398,0.643,SYNTHETIC_PROTOTYPE_CALIBRATED_TO_PUBLIC_MARKET_FACTOR_RANGES
2023-05-31,107.72,547.18,76.89,0.318,0.675,SYNTHETIC_PROTOTYPE_CALIBRATED_TO_PUBLIC_MARKET_FACTOR_RANGES
2023-06-01,111.38,557.49,76.49,0.354,0.67,SYNTHETIC_PROTOTYPE_CALIBRATED_TO_PUBLIC_MARKET_FACTOR_RANGES
2023-06-02,101.19,542.01,71.91,0.314,0.634,SYNTHETIC_PROTOTYPE_CALIBRATED_TO_PUBLIC_MARKET_FACTOR_RANGES
2023-06-03,101.02,539.71,79.07,0.247,0.646,SYNTHETIC_PROTOTYPE_CALIBRATED_TO_PUBLIC_MARKET_FACTOR_RANGES
2023-06-04,101.59,530.43,71.7,0.335,0.609,SYNTHETIC_PROTOTYPE_CALIBRATED_TO_PUBLIC_MARKET_FACTOR_RANGES
2023-06-05,108.72,536.15,74.49,0.387,0.662,SYNTHETIC_PROTOTYPE_CALIBRATED_TO_PUBLIC_MARKET_FACTOR_RANGES
2023-06-06,113.75,535.76,73.92,0.304,0.562,SYNTHETIC_PROTOTYPE_CALIBRATED_TO_PUBLIC_MARKET_FACTOR_RANGES
2023-06-07,105.65,519.69,76.29,0.442,0.667,SYNTHETIC_PROTOTYPE_CALIBRATED_TO_PUBLIC_MARKET_FACTOR_RANGES
2023-06-08,95.61,524.7,66.12,0.369,0.634,SYNTHETIC_PROTOTYPE_CALIBRATED_TO_PUBLIC_MARKET_FACTOR_RANGES
2023-06-09,99.95,515.93,77.91,0.322,0.615,SYNTHETIC_PROTOTYPE_CALIBRATED_TO_PUBLIC_MARKET_FACTOR_RANGES
2023-06-10,104.68,547.85,71.38,0.329,0.624,SYNTHETIC_PROTOTYPE_CALIBRATED_TO_PUBLIC_MARKET_FACTOR_RANGES
2023-06-11,106.46,516.14,78.71,0.324,0.627,SYNTHETIC_PROTOTYPE_CALIBRATED_TO_PUBLIC_MARKET_FACTOR_RANGES
2023-06-12,107.63,532.68,71.66,0.217,0.684,SYNTHETIC_PROTOTYPE_CALIBRATED_TO_PUBLIC_MARKET_FACTOR_RANGES
2023-06-13,110.3,508.68,73.13,0.314,0.761,SYNTHETIC_PROTOTYPE_CALIBRATED_TO_PUBLIC_MARKET_FACTOR_RANGES
2023-06-14,109.01,511.0,80.72,0.343,0.68,SYNTHETIC_PROTOTYPE_CALIBRATED_TO_PUBLIC_MARKET_FACTOR_RANGES
2023-06-15,116.29,488.87,71.7,0.296,0.607,SYNTHETIC_PROTOTYPE_CALIBRATED_TO_PUBLIC_MARKET_FACTOR_RANGES
2023-06-16,108.15,496.19,77.5,0.36,0.655,SYNTHETIC_PROTOTYPE_CALIBRATED_TO_PUBLIC_MARKET_FACTOR_RANGES
2023-06-17,107.71,500.88,72.45,0.339,0.656,SYNTHETIC_PROTOTYPE_CALIBRATED_TO_PUBLIC_MARKET_FACTOR_RANGES
2023-06-18,114.91,514.19,73.69,0.404,0.591,SYNTHETIC_PROTOTYPE_CALIBRATED_TO_PUBLIC_MARKET_FACTOR_RANGES
2023-06-19,105.34,494.62,72.05,0.399,0.577,SYNTHETIC_PROTOTYPE_CALIBRATED_TO_PUBLIC_MARKET_FACTOR_RANGES
2023-06-20,115.46,505.37,74.91,0.363,0.624,SYNTHETIC_PROTOTYPE_CALIBRATED_TO_PUBLIC_MARKET_FACTOR_RANGES
2023-06-21,114.51,493.27,68.52,0.245,0.659,SYNTHETIC_PROTOTYPE_CALIBRATED_TO_PUBLIC_MARKET_FACTOR_RANGES
2023-06-22,113.75,501.93,67.06,0.502,0.561,SYNTHETIC_PROTOTYPE_CALIBRATED_TO_PUBLIC_MARKET_FACTOR_RANGES
2023-06-23,122.89,478.54,68.19,0.351,0.597,SYNTHETIC_PROTOTYPE_CALIBRATED_TO_PUBLIC_MARKET_FACTOR_RANGES
2023-06-24,112.3,504.81,70.89,0.36,0.648,SYNTHETIC_PROTOTYPE_CALIBRATED_TO_PUBLIC_MARKET_FACTOR_RANGES
2023-06-25,126.14,467.2,69.35,0.343,0.626,SYNTHETIC_PROTOTYPE_CALIBRATED_TO_PUBLIC_MARKET_FACTOR_RANGES
2023-06-26,115.13,460.77,72.82,0.336,0.681,SYNTHETIC_PROTOTYPE_CALIBRATED_TO_PUBLIC_MARKET_FACTOR_RANGES
2023-06-27,110.26,452.43,74.94,0.503,0.567,SYNTHETIC_PROTOTYPE_CALIBRATED_TO_PUBLIC_MARKET_FACTOR_RANGES
2023-06-28,117.35,491.95,65.56,0.494,0.717,SYNTHETIC_PROTOTYPE_CALIBRATED_TO_PUBLIC_MARKET_FACTOR_RANGES
2023-06-29,111.95,470.89,66.27,0.423,0.561,SYNTHETIC_PROTOTYPE_CALIBRATED_TO_PUBLIC_MARKET_FACTOR_RANGES
2023-06-30,113.87,454.18,63.21,0.382,0.541,SYNTHETIC_PROTOTYPE_CALIBRATED_TO_PUBLIC_MARKET_FACTOR_RANGES
2023-07-01,119.88,470.38,76.83,0.444,0.62,SYNTHETIC_PROTOTYPE_CALIBRATED_TO_PUBLIC_MARKET_FACTOR_RANGES
2023-07-02,120.89,460.9,69.67,0.405,0.576,SYNTHETIC_PROTOTYPE_CALIBRATED_TO_PUBLIC_MARKET_FACTOR_RANGES
2023-07-03,115.18,473.58,70.12,0.387,0.62,SYNTHETIC_PROTOTYPE_CALIBRATED_TO_PUBLIC_MARKET_FACTOR_RANGES
2023-07-04,123.37,428.82,62.59,0.433,0.618,SYNTHETIC_PROTOTYPE_CALIBRATED_TO_PUBLIC_MARKET_FACTOR_RANGES
2023-07-05,124.31,441.69,67.7,0.375,0.613,SYNTHETIC_PROTOTYPE_CALIBRATED_TO_PUBLIC_MARKET_FACTOR_RANGES
2023-07-06,125.75,436.89,69.5,0.434,0.587,SYNTHETIC_PROTOTYPE_CALIBRATED_TO_PUBLIC_MARKET_FACTOR_RANGES
2023-07-07,121.22,416.42,66.2,0.433,0.638,SYNTHETIC_PROTOTYPE_CALIBRATED_TO_PUBLIC_MARKET_FACTOR_RANGES
2023-07-08,125.34,450.57,71.27,0.469,0.608,SYNTHETIC_PROTOTYPE_CALIBRATED_TO_PUBLIC_MARKET_FACTOR_RANGES
2023-07-09,109.01,432.44,75.98,0.374,0.664,SYNTHETIC_PROTOTYPE_CALIBRATED_TO_PUBLIC_MARKET_FACTOR_RANGES
2023-07-10,116.67,442.49,62.7,0.484,0.613,SYNTHETIC_PROTOTYPE_CALIBRATED_TO_PUBLIC_MARKET_FACTOR_RANGES
2023-07-11,113.72,459.97,62.16,0.358,0.582,SYNTHETIC_PROTOTYPE_CALIBRATED_TO_PUBLIC_MARKET_FACTOR_RANGES
2023-07-12,118.4,425.55,62.5,0.388,0.553,SYNTHETIC_PROTOTYPE_CALIBRATED_TO_PUBLIC_MARKET_FACTOR_RANGES
2023-07-13,114.64,422.98,72.2,0.394,0.613,SYNTHETIC_PROTOTYPE_CALIBRATED_TO_PUBLIC_MARKET_FACTOR_RANGES
2023-07-14,116.3,427.81,69.71,0.353,0.569,SYNTHETIC_PROTOTYPE_CALIBRATED_TO_PUBLIC_MARKET_FACTOR_RANGES
2023-07-15,126.13,436.69,64.77,0.523,0.566,SYNTHETIC_PROTOTYPE_CALIBRATED_TO_PUBLIC_MARKET_FACTOR_RANGES
2023-07-16,115.4,416.61,65.23,0.367,0.641,SYNTHETIC_PROTOTYPE_CALIBRATED_TO_PUBLIC_MARKET_FACTOR_RANGES
2023-07-17,117.8,414.52,61.59,0.391,0.549,SYNTHETIC_PROTOTYPE_CALIBRATED_TO_PUBLIC_MARKET_FACTOR_RANGES
2023-07-18,114.01,433.57,68.19,0.55,0.677,SYNTHETIC_PROTOTYPE_CALIBRATED_TO_PUBLIC_MARKET_FACTOR_RANGES
2023-07-19,114.93,424.34,62.88,0.406,0.627,SYNTHETIC_PROTOTYPE_CALIBRATED_TO_PUBLIC_MARKET_FACTOR_RANGES
2023-07-20,113.92,394.29,63.14,0.439,0.619,SYNTHETIC_PROTOTYPE_CALIBRATED_TO_PUBLIC_MARKET_FACTOR_RANGES
2023-07-21,115.43,403.26,66.4,0.375,0.579,SYNTHETIC_PROTOTYPE_CALIBRATED_TO_PUBLIC_MARKET_FACTOR_RANGES
2023-07-22,118.26,435.23,62.99,0.524,0.651,SYNTHETIC_PROTOTYPE_CALIBRATED_TO_PUBLIC_MARKET_FACTOR_RANGES
2023-07-23,119.88,421.41,62.59,0.527,0.621,SYNTHETIC_PROTOTYPE_CALIBRATED_TO_PUBLIC_MARKET_FACTOR_RANGES
2023-07-24,112.37,406.93,63.36,0.52,0.594,SYNTHETIC_PROTOTYPE_CALIBRATED_TO_PUBLIC_MARKET_FACTOR_RANGES
2023-07-25,112.9,413.63,66.29,0.506,0.629,SYNTHETIC_PROTOTYPE_CALIBRATED_TO_PUBLIC_MARKET_FACTOR_RANGES
2023-07-26,103.3,415.55,69.49,0.47,0.554,SYNTHETIC_PROTOTYPE_CALIBRATED_TO_PUBLIC_MARKET_FACTOR_RANGES
2023-07-27,107.68,424.05,65.04,0.423,0.556,SYNTHETIC_PROTOTYPE_CALIBRATED_TO_PUBLIC_MARKET_FACTOR_RANGES
2023-07-28,111.86,398.86,65.71,0.401,0.577,SYNTHETIC_PROTOTYPE_CALIBRATED_TO_PUBLIC_MARKET_FACTOR_RANGES
2023-07-29,110.51,405.11,61.5,0.571,0.636,SYNTHETIC_PROTOTYPE_CALIBRATED_TO_PUBLIC_MARKET_FACTOR_RANGES
2023-07-30,106.23,418.63,59.27,0.529,0.623,SYNTHETIC_PROTOTYPE_CALIBRATED_TO_PUBLIC_MARKET_FACTOR_RANGES
2023-07-31,108.58,414.42,64.53,0.413,0.665,SYNTHETIC_PROTOTYPE_CALIBRATED_TO_PUBLIC_MARKET_FACTOR_RANGES
2023-08-01,105.56,422.84,62.41,0.473,0.587,SYNTHETIC_PROTOTYPE_CALIBRATED_TO_PUBLIC_MARKET_FACTOR_RANGES
2023-08-02,108.05,401.69,55.85,0.446,0.647,SYNTHETIC_PROTOTYPE_CALIBRATED_TO_PUBLIC_MARKET_FACTOR_RANGES
2023-08-03,102.44,421.28,60.04,0.38,0.62,SYNTHETIC_PROTOTYPE_CALIBRATED_TO_PUBLIC_MARKET_FACTOR_RANGES
2023-08-04,98.15,430.75,60.84,0.484,0.587,SYNTHETIC_PROTOTYPE_CALIBRATED_TO_PUBLIC_MARKET_FACTOR_RANGES
2023-08-05,100.54,424.24,58.95,0.437,0.641,SYNTHETIC_PROTOTYPE_CALIBRATED_TO_PUBLIC_MARKET_FACTOR_RANGES
2023-08-06,83.14,420.9,66.75,0.394,0.623,SYNTHETIC_PROTOTYPE_CALIBRATED_TO_PUBLIC_MARKET_FACTOR_RANGES
2023-08-07,98.65,418.99,62.57,0.351,0.601,SYNTHETIC_PROTOTYPE_CALIBRATED_TO_PUBLIC_MARKET_FACTOR_RANGES
2023-08-08,77.44,411.12,65.98,0.344,0.629,SYNTHETIC_PROTOTYPE_CALIBRATED_TO_PUBLIC_MARKET_FACTOR_RANGES
2023-08-09,86.03,421.34,61.38,0.438,0.622,SYNTHETIC_PROTOTYPE_CALIBRATED_TO_PUBLIC_MARKET_FACTOR_RANGES
2023-08-10,95.88,438.47,60.49,0.461,0.622,SYNTHETIC_PROTOTYPE_CALIBRATED_TO_PUBLIC_MARKET_FACTOR_RANGES
2023-08-11,95.01,423.13,56.26,0.396,0.612,SYNTHETIC_PROTOTYPE_CALIBRATED_TO_PUBLIC_MARKET_FACTOR_RANGES
2023-08-12,85.83,415.16,59.9,0.517,0.577,SYNTHETIC_PROTOTYPE_CALIBRATED_TO_PUBLIC_MARKET_FACTOR_RANGES
2023-08-13,87.12,421.26,59.75,0.459,0.633,SYNTHETIC_PROTOTYPE_CALIBRATED_TO_PUBLIC_MARKET_FACTOR_RANGES
2023-08-14,96.61,430.96,54.09,0.509,0.599,SYNTHETIC_PROTOTYPE_CALIBRATED_TO_PUBLIC_MARKET_FACTOR_RANGES
2023-08-15,86.44,425.5,57.26,0.447,0.591,SYNTHETIC_PROTOTYPE_CALIBRATED_TO_PUBLIC_MARKET_FACTOR_RANGES
2023-08-16,99.21,437.29,57.98,0.397,0.623,SYNTHETIC_PROTOTYPE_CALIBRATED_TO_PUBLIC_MARKET_FACTOR_RANGES
2023-08-17,87.16,439.26,60.79,0.467,0.662,SYNTHETIC_PROTOTYPE_CALIBRATED_TO_PUBLIC_MARKET_FACTOR_RANGES
2023-08-18,88.42,445.2,60.86,0.355,0.641,SYNTHETIC_PROTOTYPE_CALIBRATED_TO_PUBLIC_MARKET_FACTOR_RANGES
2023-08-19,93.71,453.2,56.56,0.497,0.613,SYNTHETIC_PROTOTYPE_CALIBRATED_TO_PUBLIC_MARKET_FACTOR_RANGES
2023-08-20,85.58,449.68,60.63,0.377,0.612,SYNTHETIC_PROTOTYPE_CALIBRATED_TO_PUBLIC_MARKET_FACTOR_RANGES
2023-08-21,79.25,428.14,57.91,0.523,0.662,SYNTHETIC_PROTOTYPE_CALIBRATED_TO_PUBLIC_MARKET_FACTOR_RANGES
2023-08-22,83.1,430.15,47.05,0.42,0.541,SYNTHETIC_PROTOTYPE_CALIBRATED_TO_PUBLIC_MARKET_FACTOR_RANGES
2023-08-23,82.9,441.74,56.47,0.53,0.67,SYNTHETIC_PROTOTYPE_CALIBRATED_TO_PUBLIC_MARKET_FACTOR_RANGES
2023-08-24,75.73,438.89,62.62,0.352,0.564,SYNTHETIC_PROTOTYPE_CALIBRATED_TO_PUBLIC_MARKET_FACTOR_RANGES
2023-08-25,80.8,432.3,51.48,0.385,0.583,SYNTHETIC_PROTOTYPE_CALIBRATED_TO_PUBLIC_MARKET_FACTOR_RANGES
2023-08-26,77.95,442.32,58.55,0.467,0.62,SYNTHETIC_PROTOTYPE_CALIBRATED_TO_PUBLIC_MARKET_FACTOR_RANGES
2023-08-27,85.91,443.57,64.35,0.527,0.728,SYNTHETIC_PROTOTYPE_CALIBRATED_TO_PUBLIC_MARKET_FACTOR_RANGES
2023-08-28,81.14,442.83,54.88,0.564,0.709,SYNTHETIC_PROTOTYPE_CALIBRATED_TO_PUBLIC_MARKET_FACTOR_RANGES
2023-08-29,79.28,448.71,57.84,0.43,0.672,SYNTHETIC_PROTOTYPE_CALIBRATED_TO_PUBLIC_MARKET_FACTOR_RANGES
2023-08-30,79.93,468.23,52.53,0.571,0.659,SYNTHETIC_PROTOTYPE_CALIBRATED_TO_PUBLIC_MARKET_FACTOR_RANGES
2023-08-31,81.4,458.05,64.18,0.397,0.571,SYNTHETIC_PROTOTYPE_CALIBRATED_TO_PUBLIC_MARKET_FACTOR_RANGES
2023-09-01,83.24,486.85,57.26,0.505,0.653,SYNTHETIC_PROTOTYPE_CALIBRATED_TO_PUBLIC_MARKET_FACTOR_RANGES
2023-09-02,75.08,460.73,57.71,0.338,0.625,SYNTHETIC_PROTOTYPE_CALIBRATED_TO_PUBLIC_MARKET_FACTOR_RANGES
2023-09-03,74.83,456.66,62.88,0.444,0.616,SYNTHETIC_PROTOTYPE_CALIBRATED_TO_PUBLIC_MARKET_FACTOR_RANGES
2023-09-04,85.57,461.6,60.04,0.219,0.656,SYNTHETIC_PROTOTYPE_CALIBRATED_TO_PUBLIC_MARKET_FACTOR_RANGES
2023-09-05,78.04,466.0,53.84,0.313,0.632,SYNTHETIC_PROTOTYPE_CALIBRATED_TO_PUBLIC_MARKET_FACTOR_RANGES
2023-09-06,73.11,469.46,54.7,0.436,0.686,SYNTHETIC_PROTOTYPE_CALIBRATED_TO_PUBLIC_MARKET_FACTOR_RANGES
2023-09-07,82.54,490.42,59.22,0.29,0.575,SYNTHETIC_PROTOTYPE_CALIBRATED_TO_PUBLIC_MARKET_FACTOR_RANGES
2023-09-08,82.8,456.57,54.7,0.548,0.569,SYNTHETIC_PROTOTYPE_CALIBRATED_TO_PUBLIC_MARKET_FACTOR_RANGES
2023-09-09,73.03,478.17,48.69,0.582,0.532,SYNTHETIC_PROTOTYPE_CALIBRATED_TO_PUBLIC_MARKET_FACTOR_RANGES
2023-09-10,82.06,471.44,56.91,0.465,0.552,SYNTHETIC_PROTOTYPE_CALIBRATED_TO_PUBLIC_MARKET_FACTOR_RANGES
2023-09-11,84.85,451.13,51.17,0.424,0.582,SYNTHETIC_PROTOTYPE_CALIBRATED_TO_PUBLIC_MARKET_FACTOR_RANGES
2023-09-12,83.33,480.19,63.53,0.46,0.526,SYNTHETIC_PROTOTYPE_CALIBRATED_TO_PUBLIC_MARKET_FACTOR_RANGES
2023-09-13,84.93,487.05,57.75,0.416,0.579,SYNTHETIC_PROTOTYPE_CALIBRATED_TO_PUBLIC_MARKET_FACTOR_RANGES
2023-09-14,75.07,462.38,53.41,0.481,0.565,SYNTHETIC_PROTOTYPE_CALIBRATED_TO_PUBLIC_MARKET_FACTOR_RANGES
2023-09-15,84.09,473.31,54.22,0.493,0.548,SYNTHETIC_PROTOTYPE_CALIBRATED_TO_PUBLIC_MARKET_FACTOR_RANGES
2023-09-16,81.28,453.4,49.45,0.456,0.557,SYNTHETIC_PROTOTYPE_CALIBRATED_TO_PUBLIC_MARKET_FACTOR_RANGES
2023-09-17,80.75,459.61,52.6,0.611,0.571,SYNTHETIC_PROTOTYPE_CALIBRATED_TO_PUBLIC_MARKET_FACTOR_RANGES
2023-09-18,87.89,487.84,61.07,0.415,0.547,SYNTHETIC_PROTOTYPE_CALIBRATED_TO_PUBLIC_MARKET_FACTOR_RANGES
2023-09-19,91.3,470.14,65.93,0.58,0.58,SYNTHETIC_PROTOTYPE_CALIBRATED_TO_PUBLIC_MARKET_FACTOR_RANGES
2023-09-20,93.26,462.83,59.92,0.381,0.57,SYNTHETIC_PROTOTYPE_CALIBRATED_TO_PUBLIC_MARKET_FACTOR_RANGES
2023-09-21,91.23,479.21,56.66,0.466,0.558,SYNTHETIC_PROTOTYPE_CALIBRATED_TO_PUBLIC_MARKET_FACTOR_RANGES
2023-09-22,84.48,470.44,55.32,0.55,0.647,SYNTHETIC_PROTOTYPE_CALIBRATED_TO_PUBLIC_MARKET_FACTOR_RANGES
2023-09-23,87.15,471.24,53.24,0.542,0.601,SYNTHETIC_PROTOTYPE_CALIBRATED_TO_PUBLIC_MARKET_FACTOR_RANGES
2023-09-24,89.56,485.88,65.33,0.414,0.571,SYNTHETIC_PROTOTYPE_CALIBRATED_TO_PUBLIC_MARKET_FACTOR_RANGES
2023-09-25,86.66,463.11,56.37,0.488,0.593,SYNTHETIC_PROTOTYPE_CALIBRATED_TO_PUBLIC_MARKET_FACTOR_RANGES
2023-09-26,87.02,466.17,65.62,0.473,0.547,SYNTHETIC_PROTOTYPE_CALIBRATED_TO_PUBLIC_MARKET_FACTOR_RANGES
2023-09-27,90.77,478.79,62.78,0.392,0.572,SYNTHETIC_PROTOTYPE_CALIBRATED_TO_PUBLIC_MARKET_FACTOR_RANGES
2023-09-28,86.62,488.42,50.28,0.481,0.578,SYNTHETIC_PROTOTYPE_CALIBRATED_TO_PUBLIC_MARKET_FACTOR_RANGES
2023-09-29,83.51,491.44,54.63,0.577,0.543,SYNTHETIC_PROTOTYPE_CALIBRATED_TO_PUBLIC_MARKET_FACTOR_RANGES
2023-09-30,85.29,468.33,54.67,0.461,0.609,SYNTHETIC_PROTOTYPE_CALIBRATED_TO_PUBLIC_MARKET_FACTOR_RANGES
2023-10-01,90.7,487.23,57.09,0.465,0.575,SYNTHETIC_PROTOTYPE_CALIBRATED_TO_PUBLIC_MARKET_FACTOR_RANGES
2023-10-02,87.69,466.19,57.23,0.47,0.582,SYNTHETIC_PROTOTYPE_CALIBRATED_TO_PUBLIC_MARKET_FACTOR_RANGES
2023-10-03,89.48,497.08,69.52,0.173,0.663,SYNTHETIC_PROTOTYPE_CALIBRATED_TO_PUBLIC_MARKET_FACTOR_RANGES
2023-10-04,91.2,461.08,53.3,0.323,0.805,SYNTHETIC_PROTOTYPE_CALIBRATED_TO_PUBLIC_MARKET_FACTOR_RANGES
2023-10-05,86.0,490.1,58.6,0.202,0.661,SYNTHETIC_PROTOTYPE_CALIBRATED_TO_PUBLIC_MARKET_FACTOR_RANGES
2023-10-06,91.65,465.72,60.22,0.232,0.607,SYNTHETIC_PROTOTYPE_CALIBRATED_TO_PUBLIC_MARKET_FACTOR_RANGES
2023-10-07,89.71,497.16,57.84,0.449,0.627,SYNTHETIC_PROTOTYPE_CALIBRATED_TO_PUBLIC_MARKET_FACTOR_RANGES
2023-10-08,81.55,479.46,58.37,0.253,0.722,SYNTHETIC_PROTOTYPE_CALIBRATED_TO_PUBLIC_MARKET_FACTOR_RANGES
2023-10-09,94.79,459.51,53.84,0.21,0.747,SYNTHETIC_PROTOTYPE_CALIBRATED_TO_PUBLIC_MARKET_FACTOR_RANGES
2023-10-10,84.9,464.75,58.54,0.359,0.668,SYNTHETIC_PROTOTYPE_CALIBRATED_TO_PUBLIC_MARKET_FACTOR_RANGES
2023-10-11,78.9,479.69,60.26,0.188,0.747,SYNTHETIC_PROTOTYPE_CALIBRATED_TO_PUBLIC_MARKET_FACTOR_RANGES
2023-10-12,81.68,482.22,59.63,0.225,0.727,SYNTHETIC_PROTOTYPE_CALIBRATED_TO_PUBLIC_MARKET_FACTOR_RANGES
2023-10-13,81.49,468.01,60.71,0.358,0.691,SYNTHETIC_PROTOTYPE_CALIBRATED_TO_PUBLIC_MARKET_FACTOR_RANGES
2023-10-14,86.5,468.65,64.19,0.259,0.69,SYNTHETIC_PROTOTYPE_CALIBRATED_TO_PUBLIC_MARKET_FACTOR_RANGES
2023-10-15,84.48,476.47,62.4,0.128,0.709,SYNTHETIC_PROTOTYPE_CALIBRATED_TO_PUBLIC_MARKET_FACTOR_RANGES
2023-10-16,83.73,468.21,59.06,0.294,0.738,SYNTHETIC_PROTOTYPE_CALIBRATED_TO_PUBLIC_MARKET_FACTOR_RANGES
2023-10-17,88.03,450.38,54.21,0.217,0.72,SYNTHETIC_PROTOTYPE_CALIBRATED_TO_PUBLIC_MARKET_FACTOR_RANGES
2023-10-18,86.12,455.42,56.63,0.369,0.679,SYNTHETIC_PROTOTYPE_CALIBRATED_TO_PUBLIC_MARKET_FACTOR_RANGES
2023-10-19,85.45,467.29,58.28,0.196,0.7,SYNTHETIC_PROTOTYPE_CALIBRATED_TO_PUBLIC_MARKET_FACTOR_RANGES
2023-10-20,85.33,478.37,60.3,0.326,0.788,SYNTHETIC_PROTOTYPE_CALIBRATED_TO_PUBLIC_MARKET_FACTOR_RANGES
2023-10-21,85.75,482.52,57.52,0.382,0.72,SYNTHETIC_PROTOTYPE_CALIBRATED_TO_PUBLIC_MARKET_FACTOR_RANGES
2023-10-22,71.48,471.85,55.83,0.171,0.746,SYNTHETIC_PROTOTYPE_CALIBRATED_TO_PUBLIC_MARKET_FACTOR_RANGES
2023-10-23,79.52,465.35,54.97,0.222,0.734,SYNTHETIC_PROTOTYPE_CALIBRATED_TO_PUBLIC_MARKET_FACTOR_RANGES
2023-10-24,69.74,470.33,53.27,0.267,0.725,SYNTHETIC_PROTOTYPE_CALIBRATED_TO_PUBLIC_MARKET_FACTOR_RANGES
2023-10-25,80.1,452.83,59.08,0.166,0.72,SYNTHETIC_PROTOTYPE_CALIBRATED_TO_PUBLIC_MARKET_FACTOR_RANGES
2023-10-26,79.15,458.53,54.3,0.255,0.753,SYNTHETIC_PROTOTYPE_CALIBRATED_TO_PUBLIC_MARKET_FACTOR_RANGES
2023-10-27,83.64,450.07,56.34,0.215,0.747,SYNTHETIC_PROTOTYPE_CALIBRATED_TO_PUBLIC_MARKET_FACTOR_RANGES
2023-10-28,83.58,444.62,58.93,0.212,0.73,SYNTHETIC_PROTOTYPE_CALIBRATED_TO_PUBLIC_MARKET_FACTOR_RANGES
2023-10-29,77.87,463.31,55.33,0.235,0.693,SYNTHETIC_PROTOTYPE_CALIBRATED_TO_PUBLIC_MARKET_FACTOR_RANGES
2023-10-30,73.56,461.31,62.36,0.236,0.737,SYNTHETIC_PROTOTYPE_CALIBRATED_TO_PUBLIC_MARKET_FACTOR_RANGES
2023-10-31,77.69,467.17,63.98,0.243,0.721,SYNTHETIC_PROTOTYPE_CALIBRATED_TO_PUBLIC_MARKET_FACTOR_RANGES
2023-11-01,71.83,465.39,59.0,0.182,0.712,SYNTHETIC_PROTOTYPE_CALIBRATED_TO_PUBLIC_MARKET_FACTOR_RANGES
2023-11-02,73.67,461.73,59.63,0.186,0.833,SYNTHETIC_PROTOTYPE_CALIBRATED_TO_PUBLIC_MARKET_FACTOR_RANGES
2023-11-03,77.82,465.56,63.71,0.221,0.666,SYNTHETIC_PROTOTYPE_CALIBRATED_TO_PUBLIC_MARKET_FACTOR_RANGES
2023-11-04,69.32,458.52,58.89,0.227,0.767,SYNTHETIC_PROTOTYPE_CALIBRATED_TO_PUBLIC_MARKET_FACTOR_RANGES
2023-11-05,75.37,464.22,58.81,0.196,0.695,SYNTHETIC_PROTOTYPE_CALIBRATED_TO_PUBLIC_MARKET_FACTOR_RANGES
2023-11-06,73.98,450.87,66.92,0.257,0.736,SYNTHETIC_PROTOTYPE_CALIBRATED_TO_PUBLIC_MARKET_FACTOR_RANGES
2023-11-07,65.1,464.43,65.86,0.087,0.835,SYNTHETIC_PROTOTYPE_CALIBRATED_TO_PUBLIC_MARKET_FACTOR_RANGES
2023-11-08,74.03,468.51,64.93,0.174,0.695,SYNTHETIC_PROTOTYPE_CALIBRATED_TO_PUBLIC_MARKET_FACTOR_RANGES
2023-11-09,71.98,453.05,66.43,0.211,0.706,SYNTHETIC_PROTOTYPE_CALIBRATED_TO_PUBLIC_MARKET_FACTOR_RANGES
2023-11-10,68.35,462.39,55.02,0.166,0.735,SYNTHETIC_PROTOTYPE_CALIBRATED_TO_PUBLIC_MARKET_FACTOR_RANGES
2023-11-11,63.41,455.08,68.55,0.366,0.703,SYNTHETIC_PROTOTYPE_CALIBRATED_TO_PUBLIC_MARKET_FACTOR_RANGES
2023-11-12,62.34,457.13,64.91,0.239,0.774,SYNTHETIC_PROTOTYPE_CALIBRATED_TO_PUBLIC_MARKET_FACTOR_RANGES
2023-11-13,63.4,450.93,67.6,0.253,0.718,SYNTHETIC_PROTOTYPE_CALIBRATED_TO_PUBLIC_MARKET_FACTOR_RANGES
2023-11-14,68.3,480.7,65.32,0.202,0.767,SYNTHETIC_PROTOTYPE_CALIBRATED_TO_PUBLIC_MARKET_FACTOR_RANGES
2023-11-15,60.35,479.49,64.19,0.241,0.689,SYNTHETIC_PROTOTYPE_CALIBRATED_TO_PUBLIC_MARKET_FACTOR_RANGES
2023-11-16,66.9,474.43,63.11,0.147,0.671,SYNTHETIC_PROTOTYPE_CALIBRATED_TO_PUBLIC_MARKET_FACTOR_RANGES
2023-11-17,58.13,493.04,65.9,0.232,0.735,SYNTHETIC_PROTOTYPE_CALIBRATED_TO_PUBLIC_MARKET_FACTOR_RANGES
2023-11-18,63.0,468.59,63.41,0.173,0.683,SYNTHETIC_PROTOTYPE_CALIBRATED_TO_PUBLIC_MARKET_FACTOR_RANGES
2023-11-19,64.3,508.83,68.35,0.228,0.807,SYNTHETIC_PROTOTYPE_CALIBRATED_TO_PUBLIC_MARKET_FACTOR_RANGES
2023-11-20,75.76,471.4,58.76,0.048,0.687,SYNTHETIC_PROTOTYPE_CALIBRATED_TO_PUBLIC_MARKET_FACTOR_RANGES
2023-11-21,56.48,478.98,63.17,0.165,0.707,SYNTHETIC_PROTOTYPE_CALIBRATED_TO_PUBLIC_MARKET_FACTOR_RANGES
2023-11-22,70.61,473.03,73.75,0.375,0.767,SYNTHETIC_PROTOTYPE_CALIBRATED_TO_PUBLIC_MARKET_FACTOR_RANGES
2023-11-23,63.94,484.24,63.3,0.327,0.728,SYNTHETIC_PROTOTYPE_CALIBRATED_TO_PUBLIC_MARKET_FACTOR_RANGES
2023-11-24,65.25,491.87,65.09,0.369,0.691,SYNTHETIC_PROTOTYPE_CALIBRATED_TO_PUBLIC_MARKET_FACTOR_RANGES
2023-11-25,63.84,482.64,62.75,0.378,0.835,SYNTHETIC_PROTOTYPE_CALIBRATED_TO_PUBLIC_MARKET_FACTOR_RANGES
2023-11-26,65.58,507.58,67.86,0.324,0.714,SYNTHETIC_PROTOTYPE_CALIBRATED_TO_PUBLIC_MARKET_FACTOR_RANGES
2023-11-27,62.75,491.46,63.81,0.237,0.747,SYNTHETIC_PROTOTYPE_CALIBRATED_TO_PUBLIC_MARKET_FACTOR_RANGES
2023-11-28,71.0,494.26,66.26,0.193,0.748,SYNTHETIC_PROTOTYPE_CALIBRATED_TO_PUBLIC_MARKET_FACTOR_RANGES
2023-11-29,61.72,482.6,70.64,0.371,0.786,SYNTHETIC_PROTOTYPE_CALIBRATED_TO_PUBLIC_MARKET_FACTOR_RANGES
2023-11-30,69.99,501.11,64.7,0.288,0.777,SYNTHETIC_PROTOTYPE_CALIBRATED_TO_PUBLIC_MARKET_FACTOR_RANGES
2023-12-01,61.48,497.13,70.89,0.486,0.726,SYNTHETIC_PROTOTYPE_CALIBRATED_TO_PUBLIC_MARKET_FACTOR_RANGES
2023-12-02,64.82,494.16,71.27,0.261,0.747,SYNTHETIC_PROTOTYPE_CALIBRATED_TO_PUBLIC_MARKET_FACTOR_RANGES
2023-12-03,60.24,494.93,72.45,0.451,0.752,SYNTHETIC_PROTOTYPE_CALIBRATED_TO_PUBLIC_MARKET_FACTOR_RANGES
2023-12-04,68.39,539.16,69.05,0.285,0.792,SYNTHETIC_PROTOTYPE_CALIBRATED_TO_PUBLIC_MARKET_FACTOR_RANGES
2023-12-05,73.91,506.84,81.7,0.408,0.716,SYNTHETIC_PROTOTYPE_CALIBRATED_TO_PUBLIC_MARKET_FACTOR_RANGES
2023-12-06,66.9,495.48,73.21,0.441,0.844,SYNTHETIC_PROTOTYPE_CALIBRATED_TO_PUBLIC_MARKET_FACTOR_RANGES
2023-12-07,66.95,507.59,70.54,0.227,0.734,SYNTHETIC_PROTOTYPE_CALIBRATED_TO_PUBLIC_MARKET_FACTOR_RANGES
2023-12-08,63.05,518.4,65.99,0.274,0.765,SYNTHETIC_PROTOTYPE_CALIBRATED_TO_PUBLIC_MARKET_FACTOR_RANGES
2023-12-09,68.19,528.67,69.36,0.234,0.719,SYNTHETIC_PROTOTYPE_CALIBRATED_TO_PUBLIC_MARKET_FACTOR_RANGES
2023-12-10,62.12,531.89,75.71,0.223,0.715,SYNTHETIC_PROTOTYPE_CALIBRATED_TO_PUBLIC_MARKET_FACTOR_RANGES
2023-12-11,66.3,536.51,77.1,0.378,0.732,SYNTHETIC_PROTOTYPE_CALIBRATED_TO_PUBLIC_MARKET_FACTOR_RANGES
2023-12-12,72.81,523.83,76.43,0.313,0.729,SYNTHETIC_PROTOTYPE_CALIBRATED_TO_PUBLIC_MARKET_FACTOR_RANGES
2023-12-13,79.1,538.85,73.92,0.337,0.752,SYNTHETIC_PROTOTYPE_CALIBRATED_TO_PUBLIC_MARKET_FACTOR_RANGES
2023-12-14,87.39,527.46,66.01,0.382,0.73,SYNTHETIC_PROTOTYPE_CALIBRATED_TO_PUBLIC_MARKET_FACTOR_RANGES
2023-12-15,71.28,533.76,73.24,0.193,0.798,SYNTHETIC_PROTOTYPE_CALIBRATED_TO_PUBLIC_MARKET_FACTOR_RANGES
2023-12-16,82.26,533.4,66.58,0.449,0.74,SYNTHETIC_PROTOTYPE_CALIBRATED_TO_PUBLIC_MARKET_FACTOR_RANGES
2023-12-17,77.19,533.38,65.86,0.322,0.736,SYNTHETIC_PROTOTYPE_CALIBRATED_TO_PUBLIC_MARKET_FACTOR_RANGES
2023-12-18,76.11,563.62,73.02,0.397,0.756,SYNTHETIC_PROTOTYPE_CALIBRATED_TO_PUBLIC_MARKET_FACTOR_RANGES
2023-12-19,79.92,562.31,74.42,0.408,0.812,SYNTHETIC_PROTOTYPE_CALIBRATED_TO_PUBLIC_MARKET_FACTOR_RANGES
2023-12-20,78.95,568.94,76.19,0.472,0.782,SYNTHETIC_PROTOTYPE_CALIBRATED_TO_PUBLIC_MARKET_FACTOR_RANGES
2023-12-21,80.08,560.85,74.83,0.358,0.77,SYNTHETIC_PROTOTYPE_CALIBRATED_TO_PUBLIC_MARKET_FACTOR_RANGES
2023-12-22,78.37,572.82,75.22,0.201,0.717,SYNTHETIC_PROTOTYPE_CALIBRATED_TO_PUBLIC_MARKET_FACTOR_RANGES
2023-12-23,74.29,545.45,69.41,0.38,0.729,SYNTHETIC_PROTOTYPE_CALIBRATED_TO_PUBLIC_MARKET_FACTOR_RANGES
2023-12-24,74.41,579.99,73.19,0.395,0.724,SYNTHETIC_PROTOTYPE_CALIBRATED_TO_PUBLIC_MARKET_FACTOR_RANGES
2023-12-25,86.23,574.76,67.84,0.3,0.828,SYNTHETIC_PROTOTYPE_CALIBRATED_TO_PUBLIC_MARKET_FACTOR_RANGES
2023-12-26,82.4,583.12,66.11,0.399,0.797,SYNTHETIC_PROTOTYPE_CALIBRATED_TO_PUBLIC_MARKET_FACTOR_RANGES
2023-12-27,81.59,583.05,77.34,0.362,0.742,SYNTHETIC_PROTOTYPE_CALIBRATED_TO_PUBLIC_MARKET_FACTOR_RANGES
2023-12-28,85.38,569.48,71.62,0.288,0.754,SYNTHETIC_PROTOTYPE_CALIBRATED_TO_PUBLIC_MARKET_FACTOR_RANGES
2023-12-29,90.04,566.12,78.37,0.453,0.744,SYNTHETIC_PROTOTYPE_CALIBRATED_TO_PUBLIC_MARKET_FACTOR_RANGES
2023-12-30,87.68,578.26,79.57,0.358,0.742,SYNTHETIC_PROTOTYPE_CALIBRATED_TO_PUBLIC_MARKET_FACTOR_RANGES
2023-12-31,84.16,596.21,72.91,0.374,0.796,SYNTHETIC_PROTOTYPE_CALIBRATED_TO_PUBLIC_MARKET_FACTOR_RANGES
2024-01-01,94.21,600.26,78.0,0.373,0.767,SYNTHETIC_PROTOTYPE_CALIBRATED_TO_PUBLIC_MARKET_FACTOR_RANGES
2024-01-02,96.57,578.04,73.25,0.512,0.862,SYNTHETIC_PROTOTYPE_CALIBRATED_TO_PUBLIC_MARKET_FACTOR_RANGES
2024-01-03,91.71,585.06,68.76,0.414,0.829,SYNTHETIC_PROTOTYPE_CALIBRATED_TO_PUBLIC_MARKET_FACTOR_RANGES
2024-01-04,94.62,590.45,76.88,0.427,0.831,SYNTHETIC_PROTOTYPE_CALIBRATED_TO_PUBLIC_MARKET_FACTOR_RANGES
2024-01-05,96.44,597.05,74.75,0.389,0.806,SYNTHETIC_PROTOTYPE_CALIBRATED_TO_PUBLIC_MARKET_FACTOR_RANGES
2024-01-06,96.31,587.1,75.12,0.464,0.763,SYNTHETIC_PROTOTYPE_CALIBRATED_TO_PUBLIC_MARKET_FACTOR_RANGES
2024-01-07,94.12,588.38,85.02,0.538,0.803,SYNTHETIC_PROTOTYPE_CALIBRATED_TO_PUBLIC_MARKET_FACTOR_RANGES
2024-01-08,94.38,597.49,71.26,0.485,0.766,SYNTHETIC_PROTOTYPE_CALIBRATED_TO_PUBLIC_MARKET_FACTOR_RANGES
2024-01-09,94.29,610.19,79.13,0.491,0.845,SYNTHETIC_PROTOTYPE_CALIBRATED_TO_PUBLIC_MARKET_FACTOR_RANGES
2024-01-10,86.46,596.69,73.86,0.488,0.796,SYNTHETIC_PROTOTYPE_CALIBRATED_TO_PUBLIC_MARKET_FACTOR_RANGES
2024-01-11,95.66,611.05,81.71,0.332,0.79,SYNTHETIC_PROTOTYPE_CALIBRATED_TO_PUBLIC_MARKET_FACTOR_RANGES
2024-01-12,85.54,626.62,79.51,0.374,0.785,SYNTHETIC_PROTOTYPE_CALIBRATED_TO_PUBLIC_MARKET_FACTOR_RANGES
2024-01-13,88.47,599.66,80.06,0.431,0.85,SYNTHETIC_PROTOTYPE_CALIBRATED_TO_PUBLIC_MARKET_FACTOR_RANGES
2024-01-14,99.04,614.06,75.0,0.391,0.723,SYNTHETIC_PROTOTYPE_CALIBRATED_TO_PUBLIC_MARKET_FACTOR_RANGES
2024-01-15,96.76,629.97,75.94,0.367,0.853,SYNTHETIC_PROTOTYPE_CALIBRATED_TO_PUBLIC_MARKET_FACTOR_RANGES
2024-01-16,99.99,613.68,82.94,0.304,0.772,SYNTHETIC_PROTOTYPE_CALIBRATED_TO_PUBLIC_MARKET_FACTOR_RANGES
2024-01-17,91.16,612.73,86.54,0.348,0.724,SYNTHETIC_PROTOTYPE_CALIBRATED_TO_PUBLIC_MARKET_FACTOR_RANGES
2024-01-18,86.68,634.37,81.6,0.437,0.75,SYNTHETIC_PROTOTYPE_CALIBRATED_TO_PUBLIC_MARKET_FACTOR_RANGES
2024-01-19,91.12,617.42,76.31,0.454,0.714,SYNTHETIC_PROTOTYPE_CALIBRATED_TO_PUBLIC_MARKET_FACTOR_RANGES
2024-01-20,92.69,634.91,81.48,0.398,0.806,SYNTHETIC_PROTOTYPE_CALIBRATED_TO_PUBLIC_MARKET_FACTOR_RANGES
2024-01-21,92.39,627.26,90.05,0.469,0.738,SYNTHETIC_PROTOTYPE_CALIBRATED_TO_PUBLIC_MARKET_FACTOR_RANGES
2024-01-22,97.46,618.33,80.96,0.429,0.786,SYNTHETIC_PROTOTYPE_CALIBRATED_TO_PUBLIC_MARKET_FACTOR_RANGES
2024-01-23,89.75,628.43,86.61,0.553,0.824,SYNTHETIC_PROTOTYPE_CALIBRATED_TO_PUBLIC_MARKET_FACTOR_RANGES
2024-01-24,93.06,626.64,78.01,0.454,0.752,SYNTHETIC_PROTOTYPE_CALIBRATED_TO_PUBLIC_MARKET_FACTOR_RANGES
2024-01-25,86.08,635.05,81.0,0.523,0.768,SYNTHETIC_PROTOTYPE_CALIBRATED_TO_PUBLIC_MARKET_FACTOR_RANGES
2024-01-26,92.98,616.13,83.85,0.484,0.726,SYNTHETIC_PROTOTYPE_CALIBRATED_TO_PUBLIC_MARKET_FACTOR_RANGES
2024-01-27,90.44,623.0,83.17,0.357,0.762,SYNTHETIC_PROTOTYPE_CALIBRATED_TO_PUBLIC_MARKET_FACTOR_RANGES
2024-01-28,86.36,621.46,78.71,0.462,0.88,SYNTHETIC_PROTOTYPE_CALIBRATED_TO_PUBLIC_MARKET_FACTOR_RANGES
2024-01-29,88.6,630.25,78.73,0.371,0.808,SYNTHETIC_PROTOTYPE_CALIBRATED_TO_PUBLIC_MARKET_FACTOR_RANGES
2024-01-30,88.52,608.99,86.11,0.461,0.766,SYNTHETIC_PROTOTYPE_CALIBRATED_TO_PUBLIC_MARKET_FACTOR_RANGES
2024-01-31,87.76,632.91,87.11,0.41,0.752,SYNTHETIC_PROTOTYPE_CALIBRATED_TO_PUBLIC_MARKET_FACTOR_RANGES
2024-02-01,97.64,625.61,88.58,0.5,0.774,SYNTHETIC_PROTOTYPE_CALIBRATED_TO_PUBLIC_MARKET_FACTOR_RANGES
2024-02-02,87.96,603.44,89.93,0.362,0.781,SYNTHETIC_PROTOTYPE_CALIBRATED_TO_PUBLIC_MARKET_FACTOR_RANGES
2024-02-03,86.91,632.89,83.43,0.471,0.758,SYNTHETIC_PROTOTYPE_CALIBRATED_TO_PUBLIC_MARKET_FACTOR_RANGES
2024-02-04,77.34,644.27,81.82,0.515,0.796,SYNTHETIC_PROTOTYPE_CALIBRATED_TO_PUBLIC_MARKET_FACTOR_RANGES
2024-02-05,83.06,628.47,88.65,0.541,0.736,SYNTHETIC_PROTOTYPE_CALIBRATED_TO_PUBLIC_MARKET_FACTOR_RANGES
2024-02-06,85.94,632.49,86.26,0.406,0.735,SYNTHETIC_PROTOTYPE_CALIBRATED_TO_PUBLIC_MARKET_FACTOR_RANGES
2024-02-07,83.58,615.25,79.65,0.468,0.788,SYNTHETIC_PROTOTYPE_CALIBRATED_TO_PUBLIC_MARKET_FACTOR_RANGES
2024-02-08,93.69,593.08,79.6,0.48,0.725,SYNTHETIC_PROTOTYPE_CALIBRATED_TO_PUBLIC_MARKET_FACTOR_RANGES
2024-02-09,85.75,589.62,85.87,0.588,0.801,SYNTHETIC_PROTOTYPE_CALIBRATED_TO_PUBLIC_MARKET_FACTOR_RANGES
2024-02-10,92.84,613.48,83.34,0.344,0.77,SYNTHETIC_PROTOTYPE_CALIBRATED_TO_PUBLIC_MARKET_FACTOR_RANGES
2024-02-11,86.57,601.95,84.1,0.388,0.697,SYNTHETIC_PROTOTYPE_CALIBRATED_TO_PUBLIC_MARKET_FACTOR_RANGES
2024-02-12,86.34,596.66,88.64,0.684,0.774,SYNTHETIC_PROTOTYPE_CALIBRATED_TO_PUBLIC_MARKET_FACTOR_RANGES
2024-02-13,85.64,605.43,87.53,0.436,0.702,SYNTHETIC_PROTOTYPE_CALIBRATED_TO_PUBLIC_MARKET_FACTOR_RANGES
2024-02-14,86.07,612.08,89.96,0.305,0.796,SYNTHETIC_PROTOTYPE_CALIBRATED_TO_PUBLIC_MARKET_FACTOR_RANGES
2024-02-15,94.65,585.74,77.05,0.407,0.758,SYNTHETIC_PROTOTYPE_CALIBRATED_TO_PUBLIC_MARKET_FACTOR_RANGES
2024-02-16,74.51,596.25,85.92,0.23,0.841,SYNTHETIC_PROTOTYPE_CALIBRATED_TO_PUBLIC_MARKET_FACTOR_RANGES
2024-02-17,76.19,618.19,87.82,0.469,0.809,SYNTHETIC_PROTOTYPE_CALIBRATED_TO_PUBLIC_MARKET_FACTOR_RANGES
2024-02-18,83.62,585.59,79.06,0.512,0.723,SYNTHETIC_PROTOTYPE_CALIBRATED_TO_PUBLIC_MARKET_FACTOR_RANGES
2024-02-19,86.6,607.34,82.67,0.372,0.684,SYNTHETIC_PROTOTYPE_CALIBRATED_TO_PUBLIC_MARKET_FACTOR_RANGES
2024-02-20,90.21,589.5,82.04,0.404,0.733,SYNTHETIC_PROTOTYPE_CALIBRATED_TO_PUBLIC_MARKET_FACTOR_RANGES
2024-02-21,89.4,600.27,85.6,0.513,0.714,SYNTHETIC_PROTOTYPE_CALIBRATED_TO_PUBLIC_MARKET_FACTOR_RANGES
2024-02-22,85.45,605.3,92.14,0.296,0.835,SYNTHETIC_PROTOTYPE_CALIBRATED_TO_PUBLIC_MARKET_FACTOR_RANGES
2024-02-23,92.84,599.45,93.82,0.328,0.761,SYNTHETIC_PROTOTYPE_CALIBRATED_TO_PUBLIC_MARKET_FACTOR_RANGES
2024-02-24,93.32,599.9,82.58,0.412,0.797,SYNTHETIC_PROTOTYPE_CALIBRATED_TO_PUBLIC_MARKET_FACTOR_RANGES
2024-02-25,89.56,573.63,88.04,0.367,0.748,SYNTHETIC_PROTOTYPE_CALIBRATED_TO_PUBLIC_MARKET_FACTOR_RANGES
2024-02-26,93.97,599.29,88.26,0.4,0.751,SYNTHETIC_PROTOTYPE_CALIBRATED_TO_PUBLIC_MARKET_FACTOR_RANGES
2024-02-27,91.08,574.2,87.67,0.319,0.756,SYNTHETIC_PROTOTYPE_CALIBRATED_TO_PUBLIC_MARKET_FACTOR_RANGES
2024-02-28,87.52,586.08,87.8,0.434,0.801,SYNTHETIC_PROTOTYPE_CALIBRATED_TO_PUBLIC_MARKET_FACTOR_RANGES
2024-02-29,94.47,584.63,87.5,0.402,0.768,SYNTHETIC_PROTOTYPE_CALIBRATED_TO_PUBLIC_MARKET_FACTOR_RANGES
2024-03-01,92.23,585.96,93.11,0.454,0.712,SYNTHETIC_PROTOTYPE_CALIBRATED_TO_PUBLIC_MARKET_FACTOR_RANGES
2024-03-02,92.42,582.84,90.84,0.422,0.818,SYNTHETIC_PROTOTYPE_CALIBRATED_TO_PUBLIC_MARKET_FACTOR_RANGES
2024-03-03,100.55,567.37,82.26,0.419,0.741,SYNTHETIC_PROTOTYPE_CALIBRATED_TO_PUBLIC_MARKET_FACTOR_RANGES
2024-03-04,81.75,560.04,89.75,0.283,0.733,SYNTHETIC_PROTOTYPE_CALIBRATED_TO_PUBLIC_MARKET_FACTOR_RANGES
2024-03-05,87.76,585.51,90.19,0.434,0.637,SYNTHETIC_PROTOTYPE_CALIBRATED_TO_PUBLIC_MARKET_FACTOR_RANGES
2024-03-06,89.79,576.13,87.94,0.365,0.774,SYNTHETIC_PROTOTYPE_CALIBRATED_TO_PUBLIC_MARKET_FACTOR_RANGES
2024-03-07,94.82,586.6,91.25,0.374,0.752,SYNTHETIC_PROTOTYPE_CALIBRATED_TO_PUBLIC_MARKET_FACTOR_RANGES
2024-03-08,96.29,571.25,87.53,0.467,0.751,SYNTHETIC_PROTOTYPE_CALIBRATED_TO_PUBLIC_MARKET_FACTOR_RANGES
2024-03-09,90.99,553.96,87.62,0.321,0.73,SYNTHETIC_PROTOTYPE_CALIBRATED_TO_PUBLIC_MARKET_FACTOR_RANGES
2024-03-10,94.57,581.52,87.34,0.483,0.722,SYNTHETIC_PROTOTYPE_CALIBRATED_TO_PUBLIC_MARKET_FACTOR_RANGES
2024-03-11,96.19,564.65,78.82,0.486,0.729,SYNTHETIC_PROTOTYPE_CALIBRATED_TO_PUBLIC_MARKET_FACTOR_RANGES
2024-03-12,113.79,572.44,86.6,0.427,0.761,SYNTHETIC_PROTOTYPE_CALIBRATED_TO_PUBLIC_MARKET_FACTOR_RANGES
2024-03-13,111.53,559.87,84.27,0.284,0.767,SYNTHETIC_PROTOTYPE_CALIBRATED_TO_PUBLIC_MARKET_FACTOR_RANGES
2024-03-14,101.49,586.75,82.22,0.183,0.731,SYNTHETIC_PROTOTYPE_CALIBRATED_TO_PUBLIC_MARKET_FACTOR_RANGES
2024-03-15,102.76,555.95,92.72,0.44,0.777,SYNTHETIC_PROTOTYPE_CALIBRATED_TO_PUBLIC_MARKET_FACTOR_RANGES
2024-03-16,99.86,561.94,89.01,0.359,0.734,SYNTHETIC_PROTOTYPE_CALIBRATED_TO_PUBLIC_MARKET_FACTOR_RANGES
2024-03-17,97.1,566.87,86.88,0.286,0.716,SYNTHETIC_PROTOTYPE_CALIBRATED_TO_PUBLIC_MARKET_FACTOR_RANGES
2024-03-18,107.07,552.14,84.74,0.436,0.743,SYNTHETIC_PROTOTYPE_CALIBRATED_TO_PUBLIC_MARKET_FACTOR_RANGES
2024-03-19,103.68,568.94,88.18,0.269,0.679,SYNTHETIC_PROTOTYPE_CALIBRATED_TO_PUBLIC_MARKET_FACTOR_RANGES
2024-03-20,109.24,584.13,90.96,0.299,0.742,SYNTHETIC_PROTOTYPE_CALIBRATED_TO_PUBLIC_MARKET_FACTOR_RANGES
2024-03-21,102.64,558.78,83.67,0.371,0.67,SYNTHETIC_PROTOTYPE_CALIBRATED_TO_PUBLIC_MARKET_FACTOR_RANGES
2024-03-22,107.8,569.35,86.95,0.236,0.689,SYNTHETIC_PROTOTYPE_CALIBRATED_TO_PUBLIC_MARKET_FACTOR_RANGES
2024-03-23,113.28,531.63,90.42,0.312,0.648,SYNTHETIC_PROTOTYPE_CALIBRATED_TO_PUBLIC_MARKET_FACTOR_RANGES
2024-03-24,115.28,564.24,79.18,0.404,0.72,SYNTHETIC_PROTOTYPE_CALIBRATED_TO_PUBLIC_MARKET_FACTOR_RANGES
2024-03-25,116.42,561.09,86.66,0.33,0.791,SYNTHETIC_PROTOTYPE_CALIBRATED_TO_PUBLIC_MARKET_FACTOR_RANGES
2024-03-26,108.58,555.24,85.14,0.409,0.72,SYNTHETIC_PROTOTYPE_CALIBRATED_TO_PUBLIC_MARKET_FACTOR_RANGES
2024-03-27,120.26,578.31,86.29,0.396,0.749,SYNTHETIC_PROTOTYPE_CALIBRATED_TO_PUBLIC_MARKET_FACTOR_RANGES
2024-03-28,112.76,561.74,84.77,0.302,0.816,SYNTHETIC_PROTOTYPE_CALIBRATED_TO_PUBLIC_MARKET_FACTOR_RANGES
2024-03-29,120.66,563.91,87.29,0.11,0.737,SYNTHETIC_PROTOTYPE_CALIBRATED_TO_PUBLIC_MARKET_FACTOR_RANGES
2024-03-30,118.14,561.95,94.38,0.205,0.689,SYNTHETIC_PROTOTYPE_CALIBRATED_TO_PUBLIC_MARKET_FACTOR_RANGES
2024-03-31,111.95,543.97,85.33,0.351,0.693,SYNTHETIC_PROTOTYPE_CALIBRATED_TO_PUBLIC_MARKET_FACTOR_RANGES
2024-04-01,117.85,553.92,87.74,0.162,0.717,SYNTHETIC_PROTOTYPE_CALIBRATED_TO_PUBLIC_MARKET_FACTOR_RANGES
2024-04-02,121.81,579.61,94.49,0.257,0.69,SYNTHETIC_PROTOTYPE_CALIBRATED_TO_PUBLIC_MARKET_FACTOR_RANGES
2024-04-03,123.55,543.38,84.24,0.307,0.692,SYNTHETIC_PROTOTYPE_CALIBRATED_TO_PUBLIC_MARKET_FACTOR_RANGES
2024-04-04,120.23,560.15,93.63,0.394,0.752,SYNTHETIC_PROTOTYPE_CALIBRATED_TO_PUBLIC_MARKET_FACTOR_RANGES
2024-04-05,128.99,565.24,86.31,0.227,0.753,SYNTHETIC_PROTOTYPE_CALIBRATED_TO_PUBLIC_MARKET_FACTOR_RANGES
2024-04-06,126.72,591.67,93.34,0.218,0.644,SYNTHETIC_PROTOTYPE_CALIBRATED_TO_PUBLIC_MARKET_FACTOR_RANGES
2024-04-07,120.69,580.7,89.13,0.262,0.676,SYNTHETIC_PROTOTYPE_CALIBRATED_TO_PUBLIC_MARKET_FACTOR_RANGES
2024-04-08,125.96,565.55,87.27,0.292,0.689,SYNTHETIC_PROTOTYPE_CALIBRATED_TO_PUBLIC_MARKET_FACTOR_RANGES
2024-04-09,132.06,588.66,85.68,0.248,0.73,SYNTHETIC_PROTOTYPE_CALIBRATED_TO_PUBLIC_MARKET_FACTOR_RANGES
2024-04-10,132.33,564.9,83.35,0.342,0.75,SYNTHETIC_PROTOTYPE_CALIBRATED_TO_PUBLIC_MARKET_FACTOR_RANGES
2024-04-11,116.46,586.69,86.05,0.192,0.811,SYNTHETIC_PROTOTYPE_CALIBRATED_TO_PUBLIC_MARKET_FACTOR_RANGES
2024-04-12,118.0,559.06,89.23,0.263,0.683,SYNTHETIC_PROTOTYPE_CALIBRATED_TO_PUBLIC_MARKET_FACTOR_RANGES
2024-04-13,130.03,589.03,85.48,0.286,0.684,SYNTHETIC_PROTOTYPE_CALIBRATED_TO_PUBLIC_MARKET_FACTOR_RANGES
2024-04-14,117.23,572.06,84.15,0.216,0.723,SYNTHETIC_PROTOTYPE_CALIBRATED_TO_PUBLIC_MARKET_FACTOR_RANGES
2024-04-15,115.79,565.36,84.3,0.313,0.67,SYNTHETIC_PROTOTYPE_CALIBRATED_TO_PUBLIC_MARKET_FACTOR_RANGES
2024-04-16,119.79,575.84,89.15,0.256,0.691,SYNTHETIC_PROTOTYPE_CALIBRATED_TO_PUBLIC_MARKET_FACTOR_RANGES
2024-04-17,124.1,582.51,89.96,0.305,0.678,SYNTHETIC_PROTOTYPE_CALIBRATED_TO_PUBLIC_MARKET_FACTOR_RANGES
2024-04-18,121.23,573.94,82.26,0.256,0.589,SYNTHETIC_PROTOTYPE_CALIBRATED_TO_PUBLIC_MARKET_FACTOR_RANGES
2024-04-19,118.18,587.2,82.12,0.269,0.697,SYNTHETIC_PROTOTYPE_CALIBRATED_TO_PUBLIC_MARKET_FACTOR_RANGES
2024-04-20,117.72,574.19,86.17,0.187,0.684,SYNTHETIC_PROTOTYPE_CALIBRATED_TO_PUBLIC_MARKET_FACTOR_RANGES
2024-04-21,117.14,589.22,90.63,0.185,0.74,SYNTHETIC_PROTOTYPE_CALIBRATED_TO_PUBLIC_MARKET_FACTOR_RANGES
2024-04-22,115.89,587.63,88.96,0.333,0.688,SYNTHETIC_PROTOTYPE_CALIBRATED_TO_PUBLIC_MARKET_FACTOR_RANGES
2024-04-23,131.24,582.1,79.22,0.284,0.637,SYNTHETIC_PROTOTYPE_CALIBRATED_TO_PUBLIC_MARKET_FACTOR_RANGES
2024-04-24,120.85,577.98,83.02,0.151,0.675,SYNTHETIC_PROTOTYPE_CALIBRATED_TO_PUBLIC_MARKET_FACTOR_RANGES
2024-04-25,123.29,585.48,80.2,0.246,0.6,SYNTHETIC_PROTOTYPE_CALIBRATED_TO_PUBLIC_MARKET_FACTOR_RANGES
2024-04-26,115.88,590.59,82.69,0.041,0.634,SYNTHETIC_PROTOTYPE_CALIBRATED_TO_PUBLIC_MARKET_FACTOR_RANGES
2024-04-27,116.85,609.0,90.01,0.185,0.707,SYNTHETIC_PROTOTYPE_CALIBRATED_TO_PUBLIC_MARKET_FACTOR_RANGES
2024-04-28,113.65,595.72,77.74,0.307,0.67,SYNTHETIC_PROTOTYPE_CALIBRATED_TO_PUBLIC_MARKET_FACTOR_RANGES
2024-04-29,103.39,596.28,76.79,0.22,0.716,SYNTHETIC_PROTOTYPE_CALIBRATED_TO_PUBLIC_MARKET_FACTOR_RANGES
2024-04-30,109.17,621.67,79.78,0.239,0.599,SYNTHETIC_PROTOTYPE_CALIBRATED_TO_PUBLIC_MARKET_FACTOR_RANGES
2024-05-01,106.41,590.77,84.06,0.0,0.666,SYNTHETIC_PROTOTYPE_CALIBRATED_TO_PUBLIC_MARKET_FACTOR_RANGES
2024-05-02,103.62,590.27,85.22,0.199,0.656,SYNTHETIC_PROTOTYPE_CALIBRATED_TO_PUBLIC_MARKET_FACTOR_RANGES
2024-05-03,108.3,592.7,84.3,0.258,0.712,SYNTHETIC_PROTOTYPE_CALIBRATED_TO_PUBLIC_MARKET_FACTOR_RANGES
2024-05-04,120.32,571.85,87.07,0.268,0.699,SYNTHETIC_PROTOTYPE_CALIBRATED_TO_PUBLIC_MARKET_FACTOR_RANGES
2024-05-05,112.89,578.25,75.13,0.309,0.697,SYNTHETIC_PROTOTYPE_CALIBRATED_TO_PUBLIC_MARKET_FACTOR_RANGES
2024-05-06,118.99,577.03,86.74,0.216,0.731,SYNTHETIC_PROTOTYPE_CALIBRATED_TO_PUBLIC_MARKET_FACTOR_RANGES
2024-05-07,114.03,590.3,80.55,0.22,0.654,SYNTHETIC_PROTOTYPE_CALIBRATED_TO_PUBLIC_MARKET_FACTOR_RANGES
2024-05-08,115.35,579.77,84.53,0.128,0.721,SYNTHETIC_PROTOTYPE_CALIBRATED_TO_PUBLIC_MARKET_FACTOR_RANGES
2024-05-09,106.41,582.75,76.11,0.22,0.624,SYNTHETIC_PROTOTYPE_CALIBRATED_TO_PUBLIC_MARKET_FACTOR_RANGES
2024-05-10,113.03,593.28,81.22,0.136,0.621,SYNTHETIC_PROTOTYPE_CALIBRATED_TO_PUBLIC_MARKET_FACTOR_RANGES
2024-05-11,113.58,589.62,81.94,0.091,0.694,SYNTHETIC_PROTOTYPE_CALIBRATED_TO_PUBLIC_MARKET_FACTOR_RANGES
2024-05-12,106.6,576.26,85.41,0.154,0.602,SYNTHETIC_PROTOTYPE_CALIBRATED_TO_PUBLIC_MARKET_FACTOR_RANGES
2024-05-13,111.86,568.99,74.23,0.363,0.684,SYNTHETIC_PROTOTYPE_CALIBRATED_TO_PUBLIC_MARKET_FACTOR_RANGES
2024-05-14,111.51,589.38,80.49,0.222,0.664,SYNTHETIC_PROTOTYPE_CALIBRATED_TO_PUBLIC_MARKET_FACTOR_RANGES
2024-05-15,105.58,583.67,75.81,0.264,0.701,SYNTHETIC_PROTOTYPE_CALIBRATED_TO_PUBLIC_MARKET_FACTOR_RANGES
2024-05-16,102.39,553.64,81.95,0.207,0.655,SYNTHETIC_PROTOTYPE_CALIBRATED_TO_PUBLIC_MARKET_FACTOR_RANGES
2024-05-17,101.81,567.58,82.82,0.107,0.659,SYNTHETIC_PROTOTYPE_CALIBRATED_TO_PUBLIC_MARKET_FACTOR_RANGES
2024-05-18,107.92,571.65,84.63,0.328,0.675,SYNTHETIC_PROTOTYPE_CALIBRATED_TO_PUBLIC_MARKET_FACTOR_RANGES
2024-05-19,108.92,577.23,77.12,0.082,0.627,SYNTHETIC_PROTOTYPE_CALIBRATED_TO_PUBLIC_MARKET_FACTOR_RANGES
2024-05-20,103.16,576.93,82.74,0.214,0.625,SYNTHETIC_PROTOTYPE_CALIBRATED_TO_PUBLIC_MARKET_FACTOR_RANGES
2024-05-21,107.14,567.45,84.25,0.256,0.671,SYNTHETIC_PROTOTYPE_CALIBRATED_TO_PUBLIC_MARKET_FACTOR_RANGES
2024-05-22,109.78,569.0,72.0,0.282,0.649,SYNTHETIC_PROTOTYPE_CALIBRATED_TO_PUBLIC_MARKET_FACTOR_RANGES
2024-05-23,109.98,560.59,80.79,0.209,0.633,SYNTHETIC_PROTOTYPE_CALIBRATED_TO_PUBLIC_MARKET_FACTOR_RANGES
2024-05-24,114.66,549.49,81.94,0.123,0.645,SYNTHETIC_PROTOTYPE_CALIBRATED_TO_PUBLIC_MARKET_FACTOR_RANGES
2024-05-25,113.33,552.11,76.84,0.209,0.711,SYNTHETIC_PROTOTYPE_CALIBRATED_TO_PUBLIC_MARKET_FACTOR_RANGES
2024-05-26,102.03,553.05,72.79,0.216,0.629,SYNTHETIC_PROTOTYPE_CALIBRATED_TO_PUBLIC_MARKET_FACTOR_RANGES
2024-05-27,115.59,549.91,81.16,0.218,0.627,SYNTHETIC_PROTOTYPE_CALIBRATED_TO_PUBLIC_MARKET_FACTOR_RANGES
2024-05-28,104.69,525.12,72.35,0.361,0.576,SYNTHETIC_PROTOTYPE_CALIBRATED_TO_PUBLIC_MARKET_FACTOR_RANGES
2024-05-29,112.77,540.33,76.19,0.189,0.642,SYNTHETIC_PROTOTYPE_CALIBRATED_TO_PUBLIC_MARKET_FACTOR_RANGES
2024-05-30,108.14,543.05,76.5,0.314,0.669,SYNTHETIC_PROTOTYPE_CALIBRATED_TO_PUBLIC_MARKET_FACTOR_RANGES
2024-05-31,106.02,536.21,79.28,0.306,0.675,SYNTHETIC_PROTOTYPE_CALIBRATED_TO_PUBLIC_MARKET_FACTOR_RANGES
2024-06-01,99.36,533.77,73.66,0.374,0.645,SYNTHETIC_PROTOTYPE_CALIBRATED_TO_PUBLIC_MARKET_FACTOR_RANGES
2024-06-02,107.89,539.67,73.18,0.291,0.678,SYNTHETIC_PROTOTYPE_CALIBRATED_TO_PUBLIC_MARKET_FACTOR_RANGES
2024-06-03,101.33,517.9,76.07,0.368,0.668,SYNTHETIC_PROTOTYPE_CALIBRATED_TO_PUBLIC_MARKET_FACTOR_RANGES
2024-06-04,114.37,508.3,79.45,0.295,0.682,SYNTHETIC_PROTOTYPE_CALIBRATED_TO_PUBLIC_MARKET_FACTOR_RANGES
2024-06-05,117.55,520.59,84.32,0.348,0.676,SYNTHETIC_PROTOTYPE_CALIBRATED_TO_PUBLIC_MARKET_FACTOR_RANGES
2024-06-06,106.43,530.84,68.89,0.197,0.699,SYNTHETIC_PROTOTYPE_CALIBRATED_TO_PUBLIC_MARKET_FACTOR_RANGES
2024-06-07,112.4,538.78,75.92,0.11,0.629,SYNTHETIC_PROTOTYPE_CALIBRATED_TO_PUBLIC_MARKET_FACTOR_RANGES
2024-06-08,107.76,524.75,70.06,0.355,0.582,SYNTHETIC_PROTOTYPE_CALIBRATED_TO_PUBLIC_MARKET_FACTOR_RANGES
2024-06-09,108.75,494.55,78.23,0.364,0.66,SYNTHETIC_PROTOTYPE_CALIBRATED_TO_PUBLIC_MARKET_FACTOR_RANGES
2024-06-10,116.28,506.17,70.14,0.371,0.664,SYNTHETIC_PROTOTYPE_CALIBRATED_TO_PUBLIC_MARKET_FACTOR_RANGES
2024-06-11,112.73,508.81,70.94,0.295,0.695,SYNTHETIC_PROTOTYPE_CALIBRATED_TO_PUBLIC_MARKET_FACTOR_RANGES
2024-06-12,122.15,504.63,71.03,0.461,0.683,SYNTHETIC_PROTOTYPE_CALIBRATED_TO_PUBLIC_MARKET_FACTOR_RANGES
2024-06-13,111.57,505.73,72.82,0.309,0.709,SYNTHETIC_PROTOTYPE_CALIBRATED_TO_PUBLIC_MARKET_FACTOR_RANGES
2024-06-14,119.5,485.02,74.16,0.384,0.655,SYNTHETIC_PROTOTYPE_CALIBRATED_TO_PUBLIC_MARKET_FACTOR_RANGES
2024-06-15,115.51,493.57,74.55,0.402,0.639,SYNTHETIC_PROTOTYPE_CALIBRATED_TO_PUBLIC_MARKET_FACTOR_RANGES
2024-06-16,119.52,494.62,72.33,0.496,0.574,SYNTHETIC_PROTOTYPE_CALIBRATED_TO_PUBLIC_MARKET_FACTOR_RANGES
2024-06-17,113.8,496.28,66.78,0.337,0.641,SYNTHETIC_PROTOTYPE_CALIBRATED_TO_PUBLIC_MARKET_FACTOR_RANGES
2024-06-18,116.27,473.53,74.75,0.314,0.606,SYNTHETIC_PROTOTYPE_CALIBRATED_TO_PUBLIC_MARKET_FACTOR_RANGES
2024-06-19,116.4,475.9,71.37,0.251,0.636,SYNTHETIC_PROTOTYPE_CALIBRATED_TO_PUBLIC_MARKET_FACTOR_RANGES
2024-06-20,113.24,444.49,75.97,0.499,0.629,SYNTHETIC_PROTOTYPE_CALIBRATED_TO_PUBLIC_MARKET_FACTOR_RANGES
2024-06-21,121.15,466.4,68.23,0.413,0.645,SYNTHETIC_PROTOTYPE_CALIBRATED_TO_PUBLIC_MARKET_FACTOR_RANGES
2024-06-22,121.48,464.53,64.4,0.419,0.622,SYNTHETIC_PROTOTYPE_CALIBRATED_TO_PUBLIC_MARKET_FACTOR_RANGES
2024-06-23,121.55,455.61,70.41,0.636,0.662,SYNTHETIC_PROTOTYPE_CALIBRATED_TO_PUBLIC_MARKET_FACTOR_RANGES
2024-06-24,126.59,466.9,75.48,0.417,0.516,SYNTHETIC_PROTOTYPE_CALIBRATED_TO_PUBLIC_MARKET_FACTOR_RANGES
2024-06-25,126.44,461.38,70.68,0.291,0.632,SYNTHETIC_PROTOTYPE_CALIBRATED_TO_PUBLIC_MARKET_FACTOR_RANGES
2024-06-26,117.57,432.13,68.98,0.383,0.672,SYNTHETIC_PROTOTYPE_CALIBRATED_TO_PUBLIC_MARKET_FACTOR_RANGES
2024-06-27,121.51,459.09,66.05,0.325,0.698,SYNTHETIC_PROTOTYPE_CALIBRATED_TO_PUBLIC_MARKET_FACTOR_RANGES
2024-06-28,116.69,442.7,76.3,0.375,0.652,SYNTHETIC_PROTOTYPE_CALIBRATED_TO_PUBLIC_MARKET_FACTOR_RANGES
2024-06-29,120.04,457.08,64.9,0.378,0.69,SYNTHETIC_PROTOTYPE_CALIBRATED_TO_PUBLIC_MARKET_FACTOR_RANGES
2024-06-30,117.0,433.37,65.87,0.367,0.629,SYNTHETIC_PROTOTYPE_CALIBRATED_TO_PUBLIC_MARKET_FACTOR_RANGES
2024-07-01,128.12,446.69,70.8,0.306,0.622,SYNTHETIC_PROTOTYPE_CALIBRATED_TO_PUBLIC_MARKET_FACTOR_RANGES
2024-07-02,121.81,440.6,60.84,0.548,0.643,SYNTHETIC_PROTOTYPE_CALIBRATED_TO_PUBLIC_MARKET_FACTOR_RANGES
2024-07-03,118.82,445.39,73.11,0.448,0.621,SYNTHETIC_PROTOTYPE_CALIBRATED_TO_PUBLIC_MARKET_FACTOR_RANGES
2024-07-04,125.75,441.11,70.27,0.409,0.59,SYNTHETIC_PROTOTYPE_CALIBRATED_TO_PUBLIC_MARKET_FACTOR_RANGES
2024-07-05,108.75,434.5,71.12,0.491,0.6,SYNTHETIC_PROTOTYPE_CALIBRATED_TO_PUBLIC_MARKET_FACTOR_RANGES
2024-07-06,109.29,417.18,69.51,0.471,0.576,SYNTHETIC_PROTOTYPE_CALIBRATED_TO_PUBLIC_MARKET_FACTOR_RANGES
2024-07-07,123.05,416.04,66.39,0.458,0.642,SYNTHETIC_PROTOTYPE_CALIBRATED_TO_PUBLIC_MARKET_FACTOR_RANGES
2024-07-08,119.04,425.02,62.54,0.494,0.621,SYNTHETIC_PROTOTYPE_CALIBRATED_TO_PUBLIC_MARKET_FACTOR_RANGES
2024-07-09,119.59,430.3,65.99,0.453,0.606,SYNTHETIC_PROTOTYPE_CALIBRATED_TO_PUBLIC_MARKET_FACTOR_RANGES
2024-07-10,111.26,421.58,62.41,0.498,0.597,SYNTHETIC_PROTOTYPE_CALIBRATED_TO_PUBLIC_MARKET_FACTOR_RANGES
2024-07-11,117.28,434.97,68.01,0.507,0.64,SYNTHETIC_PROTOTYPE_CALIBRATED_TO_PUBLIC_MARKET_FACTOR_RANGES
2024-07-12,126.87,422.81,69.06,0.463,0.651,SYNTHETIC_PROTOTYPE_CALIBRATED_TO_PUBLIC_MARKET_FACTOR_RANGES
2024-07-13,120.37,413.4,71.51,0.434,0.575,SYNTHETIC_PROTOTYPE_CALIBRATED_TO_PUBLIC_MARKET_FACTOR_RANGES
2024-07-14,116.46,420.57,66.85,0.576,0.568,SYNTHETIC_PROTOTYPE_CALIBRATED_TO_PUBLIC_MARKET_FACTOR_RANGES
2024-07-15,112.72,425.65,68.84,0.418,0.658,SYNTHETIC_PROTOTYPE_CALIBRATED_TO_PUBLIC_MARKET_FACTOR_RANGES
2024-07-16,112.21,426.0,63.72,0.489,0.565,SYNTHETIC_PROTOTYPE_CALIBRATED_TO_PUBLIC_MARKET_FACTOR_RANGES
2024-07-17,102.76,443.91,62.77,0.493,0.642,SYNTHETIC_PROTOTYPE_CALIBRATED_TO_PUBLIC_MARKET_FACTOR_RANGES
2024-07-18,113.88,412.72,66.35,0.412,0.685,SYNTHETIC_PROTOTYPE_CALIBRATED_TO_PUBLIC_MARKET_FACTOR_RANGES
2024-07-19,115.97,419.36,62.69,0.398,0.685,SYNTHETIC_PROTOTYPE_CALIBRATED_TO_PUBLIC_MARKET_FACTOR_RANGES
2024-07-20,102.98,424.97,65.09,0.436,0.65,SYNTHETIC_PROTOTYPE_CALIBRATED_TO_PUBLIC_MARKET_FACTOR_RANGES
2024-07-21,106.63,419.29,59.55,0.426,0.649,SYNTHETIC_PROTOTYPE_CALIBRATED_TO_PUBLIC_MARKET_FACTOR_RANGES
2024-07-22,103.21,413.39,60.06,0.35,0.711,SYNTHETIC_PROTOTYPE_CALIBRATED_TO_PUBLIC_MARKET_FACTOR_RANGES
2024-07-23,103.2,400.74,65.91,0.415,0.528,SYNTHETIC_PROTOTYPE_CALIBRATED_TO_PUBLIC_MARKET_FACTOR_RANGES
2024-07-24,107.3,413.25,66.71,0.489,0.603,SYNTHETIC_PROTOTYPE_CALIBRATED_TO_PUBLIC_MARKET_FACTOR_RANGES
2024-07-25,95.59,406.64,59.01,0.57,0.655,SYNTHETIC_PROTOTYPE_CALIBRATED_TO_PUBLIC_MARKET_FACTOR_RANGES
2024-07-26,108.06,399.05,65.43,0.514,0.608,SYNTHETIC_PROTOTYPE_CALIBRATED_TO_PUBLIC_MARKET_FACTOR_RANGES
2024-07-27,107.72,410.57,60.42,0.262,0.672,SYNTHETIC_PROTOTYPE_CALIBRATED_TO_PUBLIC_MARKET_FACTOR_RANGES
2024-07-28,101.64,408.0,62.42,0.521,0.621,SYNTHETIC_PROTOTYPE_CALIBRATED_TO_PUBLIC_MARKET_FACTOR_RANGES
2024-07-29,89.44,428.1,67.82,0.425,0.628,SYNTHETIC_PROTOTYPE_CALIBRATED_TO_PUBLIC_MARKET_FACTOR_RANGES
2024-07-30,95.8,428.94,65.19,0.506,0.612,SYNTHETIC_PROTOTYPE_CALIBRATED_TO_PUBLIC_MARKET_FACTOR_RANGES
2024-07-31,105.89,411.59,64.95,0.469,0.603,SYNTHETIC_PROTOTYPE_CALIBRATED_TO_PUBLIC_MARKET_FACTOR_RANGES
2024-08-01,84.78,420.11,69.22,0.454,0.602,SYNTHETIC_PROTOTYPE_CALIBRATED_TO_PUBLIC_MARKET_FACTOR_RANGES
2024-08-02,95.89,401.8,58.58,0.461,0.635,SYNTHETIC_PROTOTYPE_CALIBRATED_TO_PUBLIC_MARKET_FACTOR_RANGES
2024-08-03,90.7,419.12,57.27,0.466,0.594,SYNTHETIC_PROTOTYPE_CALIBRATED_TO_PUBLIC_MARKET_FACTOR_RANGES
2024-08-04,99.6,430.86,58.15,0.575,0.663,SYNTHETIC_PROTOTYPE_CALIBRATED_TO_PUBLIC_MARKET_FACTOR_RANGES
2024-08-05,91.21,437.06,59.85,0.465,0.652,SYNTHETIC_PROTOTYPE_CALIBRATED_TO_PUBLIC_MARKET_FACTOR_RANGES
2024-08-06,95.63,419.75,51.28,0.552,0.67,SYNTHETIC_PROTOTYPE_CALIBRATED_TO_PUBLIC_MARKET_FACTOR_RANGES
2024-08-07,95.48,442.13,59.7,0.539,0.582,SYNTHETIC_PROTOTYPE_CALIBRATED_TO_PUBLIC_MARKET_FACTOR_RANGES
2024-08-08,100.91,412.58,58.18,0.516,0.559,SYNTHETIC_PROTOTYPE_CALIBRATED_TO_PUBLIC_MARKET_FACTOR_RANGES
2024-08-09,89.82,417.11,63.34,0.318,0.628,SYNTHETIC_PROTOTYPE_CALIBRATED_TO_PUBLIC_MARKET_FACTOR_RANGES
2024-08-10,91.86,441.95,61.45,0.549,0.745,SYNTHETIC_PROTOTYPE_CALIBRATED_TO_PUBLIC_MARKET_FACTOR_RANGES
2024-08-11,81.73,454.87,57.49,0.421,0.68,SYNTHETIC_PROTOTYPE_CALIBRATED_TO_PUBLIC_MARKET_FACTOR_RANGES
2024-08-12,94.32,442.17,62.1,0.513,0.608,SYNTHETIC_PROTOTYPE_CALIBRATED_TO_PUBLIC_MARKET_FACTOR_RANGES
2024-08-13,83.81,437.21,62.49,0.299,0.703,SYNTHETIC_PROTOTYPE_CALIBRATED_TO_PUBLIC_MARKET_FACTOR_RANGES
2024-08-14,84.11,412.83,56.37,0.28,0.715,SYNTHETIC_PROTOTYPE_CALIBRATED_TO_PUBLIC_MARKET_FACTOR_RANGES
2024-08-15,86.14,416.41,57.34,0.531,0.632,SYNTHETIC_PROTOTYPE_CALIBRATED_TO_PUBLIC_MARKET_FACTOR_RANGES
2024-08-16,77.82,443.74,50.27,0.294,0.743,SYNTHETIC_PROTOTYPE_CALIBRATED_TO_PUBLIC_MARKET_FACTOR_RANGES
2024-08-17,86.2,439.41,54.68,0.459,0.682,SYNTHETIC_PROTOTYPE_CALIBRATED_TO_PUBLIC_MARKET_FACTOR_RANGES
2024-08-18,89.37,431.97,55.94,0.374,0.686,SYNTHETIC_PROTOTYPE_CALIBRATED_TO_PUBLIC_MARKET_FACTOR_RANGES
2024-08-19,85.53,447.55,59.09,0.329,0.691,SYNTHETIC_PROTOTYPE_CALIBRATED_TO_PUBLIC_MARKET_FACTOR_RANGES
2024-08-20,75.69,449.67,54.89,0.356,0.737,SYNTHETIC_PROTOTYPE_CALIBRATED_TO_PUBLIC_MARKET_FACTOR_RANGES
2024-08-21,82.64,461.13,56.5,0.252,0.662,SYNTHETIC_PROTOTYPE_CALIBRATED_TO_PUBLIC_MARKET_FACTOR_RANGES
2024-08-22,86.64,452.94,53.54,0.352,0.624,SYNTHETIC_PROTOTYPE_CALIBRATED_TO_PUBLIC_MARKET_FACTOR_RANGES
2024-08-23,73.26,467.52,59.02,0.264,0.706,SYNTHETIC_PROTOTYPE_CALIBRATED_TO_PUBLIC_MARKET_FACTOR_RANGES
2024-08-24,77.05,454.33,59.93,0.315,0.613,SYNTHETIC_PROTOTYPE_CALIBRATED_TO_PUBLIC_MARKET_FACTOR_RANGES
2024-08-25,86.62,454.28,59.74,0.418,0.683,SYNTHETIC_PROTOTYPE_CALIBRATED_TO_PUBLIC_MARKET_FACTOR_RANGES
2024-08-26,83.45,469.83,58.08,0.36,0.744,SYNTHETIC_PROTOTYPE_CALIBRATED_TO_PUBLIC_MARKET_FACTOR_RANGES
2024-08-27,84.07,446.68,51.78,0.218,0.72,SYNTHETIC_PROTOTYPE_CALIBRATED_TO_PUBLIC_MARKET_FACTOR_RANGES
2024-08-28,91.27,493.52,55.37,0.401,0.74,SYNTHETIC_PROTOTYPE_CALIBRATED_TO_PUBLIC_MARKET_FACTOR_RANGES
2024-08-29,84.31,465.53,56.14,0.329,0.724,SYNTHETIC_PROTOTYPE_CALIBRATED_TO_PUBLIC_MARKET_FACTOR_RANGES
2024-08-30,85.3,466.84,56.08,0.282,0.796,SYNTHETIC_PROTOTYPE_CALIBRATED_TO_PUBLIC_MARKET_FACTOR_RANGES
2024-08-31,95.65,469.75,57.91,0.382,0.678,SYNTHETIC_PROTOTYPE_CALIBRATED_TO_PUBLIC_MARKET_FACTOR_RANGES
2024-09-01,81.14,487.11,63.25,0.305,0.718,SYNTHETIC_PROTOTYPE_CALIBRATED_TO_PUBLIC_MARKET_FACTOR_RANGES
2024-09-02,78.38,475.18,60.72,0.221,0.686,SYNTHETIC_PROTOTYPE_CALIBRATED_TO_PUBLIC_MARKET_FACTOR_RANGES
2024-09-03,84.69,447.43,53.46,0.458,0.742,SYNTHETIC_PROTOTYPE_CALIBRATED_TO_PUBLIC_MARKET_FACTOR_RANGES
2024-09-04,84.97,484.49,60.07,0.305,0.703,SYNTHETIC_PROTOTYPE_CALIBRATED_TO_PUBLIC_MARKET_FACTOR_RANGES
2024-09-05,80.38,464.45,59.86,0.296,0.775,SYNTHETIC_PROTOTYPE_CALIBRATED_TO_PUBLIC_MARKET_FACTOR_RANGES
2024-09-06,78.13,470.66,54.03,0.266,0.686,SYNTHETIC_PROTOTYPE_CALIBRATED_TO_PUBLIC_MARKET_FACTOR_RANGES
2024-09-07,95.13,454.79,60.6,0.388,0.765,SYNTHETIC_PROTOTYPE_CALIBRATED_TO_PUBLIC_MARKET_FACTOR_RANGES
2024-09-08,85.53,477.15,56.53,0.248,0.733,SYNTHETIC_PROTOTYPE_CALIBRATED_TO_PUBLIC_MARKET_FACTOR_RANGES
2024-09-09,80.56,463.65,51.49,0.162,0.71,SYNTHETIC_PROTOTYPE_CALIBRATED_TO_PUBLIC_MARKET_FACTOR_RANGES
2024-09-10,89.14,473.23,58.92,0.227,0.734,SYNTHETIC_PROTOTYPE_CALIBRATED_TO_PUBLIC_MARKET_FACTOR_RANGES
2024-09-11,84.37,469.11,57.94,0.383,0.724,SYNTHETIC_PROTOTYPE_CALIBRATED_TO_PUBLIC_MARKET_FACTOR_RANGES
2024-09-12,84.01,496.03,56.14,0.34,0.729,SYNTHETIC_PROTOTYPE_CALIBRATED_TO_PUBLIC_MARKET_FACTOR_RANGES
2024-09-13,88.44,497.06,56.88,0.248,0.707,SYNTHETIC_PROTOTYPE_CALIBRATED_TO_PUBLIC_MARKET_FACTOR_RANGES
2024-09-14,79.53,474.11,54.14,0.374,0.689,SYNTHETIC_PROTOTYPE_CALIBRATED_TO_PUBLIC_MARKET_FACTOR_RANGES
2024-09-15,88.11,474.52,59.45,0.32,0.705,SYNTHETIC_PROTOTYPE_CALIBRATED_TO_PUBLIC_MARKET_FACTOR_RANGES
2024-09-16,96.26,469.4,56.83,0.235,0.652,SYNTHETIC_PROTOTYPE_CALIBRATED_TO_PUBLIC_MARKET_FACTOR_RANGES
2024-09-17,89.36,487.22,57.67,0.239,0.754,SYNTHETIC_PROTOTYPE_CALIBRATED_TO_PUBLIC_MARKET_FACTOR_RANGES
2024-09-18,85.48,469.99,58.43,0.274,0.672,SYNTHETIC_PROTOTYPE_CALIBRATED_TO_PUBLIC_MARKET_FACTOR_RANGES
2024-09-19,85.13,468.8,52.39,0.177,0.714,SYNTHETIC_PROTOTYPE_CALIBRATED_TO_PUBLIC_MARKET_FACTOR_RANGES
2024-09-20,85.9,485.46,53.45,0.24,0.75,SYNTHETIC_PROTOTYPE_CALIBRATED_TO_PUBLIC_MARKET_FACTOR_RANGES
2024-09-21,86.95,467.05,48.2,0.261,0.759,SYNTHETIC_PROTOTYPE_CALIBRATED_TO_PUBLIC_MARKET_FACTOR_RANGES
2024-09-22,86.58,472.79,59.32,0.174,0.601,SYNTHETIC_PROTOTYPE_CALIBRATED_TO_PUBLIC_MARKET_FACTOR_RANGES
2024-09-23,93.26,453.94,52.24,0.29,0.669,SYNTHETIC_PROTOTYPE_CALIBRATED_TO_PUBLIC_MARKET_FACTOR_RANGES
2024-09-24,80.2,480.98,57.65,0.277,0.693,SYNTHETIC_PROTOTYPE_CALIBRATED_TO_PUBLIC_MARKET_FACTOR_RANGES
2024-09-25,93.33,495.37,58.64,0.38,0.678,SYNTHETIC_PROTOTYPE_CALIBRATED_TO_PUBLIC_MARKET_FACTOR_RANGES
2024-09-26,87.24,480.24,59.6,0.146,0.731,SYNTHETIC_PROTOTYPE_CALIBRATED_TO_PUBLIC_MARKET_FACTOR_RANGES
2024-09-27,91.1,488.59,52.42,0.259,0.645,SYNTHETIC_PROTOTYPE_CALIBRATED_TO_PUBLIC_MARKET_FACTOR_RANGES
2024-09-28,83.63,460.3,57.02,0.248,0.598,SYNTHETIC_PROTOTYPE_CALIBRATED_TO_PUBLIC_MARKET_FACTOR_RANGES
2024-09-29,95.91,472.66,64.02,0.36,0.713,SYNTHETIC_PROTOTYPE_CALIBRATED_TO_PUBLIC_MARKET_FACTOR_RANGES
2024-09-30,95.46,457.83,64.25,0.276,0.661,SYNTHETIC_PROTOTYPE_CALIBRATED_TO_PUBLIC_MARKET_FACTOR_RANGES
2024-10-01,93.95,465.71,61.4,0.42,0.613,SYNTHETIC_PROTOTYPE_CALIBRATED_TO_PUBLIC_MARKET_FACTOR_RANGES
2024-10-02,81.46,476.97,58.87,0.326,0.679,SYNTHETIC_PROTOTYPE_CALIBRATED_TO_PUBLIC_MARKET_FACTOR_RANGES
2024-10-03,93.02,468.16,53.57,0.237,0.736,SYNTHETIC_PROTOTYPE_CALIBRATED_TO_PUBLIC_MARKET_FACTOR_RANGES
2024-10-04,90.69,449.2,60.53,0.286,0.637,SYNTHETIC_PROTOTYPE_CALIBRATED_TO_PUBLIC_MARKET_FACTOR_RANGES
2024-10-05,80.39,449.56,57.11,0.235,0.782,SYNTHETIC_PROTOTYPE_CALIBRATED_TO_PUBLIC_MARKET_FACTOR_RANGES
2024-10-06,88.0,447.95,60.06,0.33,0.657,SYNTHETIC_PROTOTYPE_CALIBRATED_TO_PUBLIC_MARKET_FACTOR_RANGES
2024-10-07,89.6,469.59,55.38,0.151,0.695,SYNTHETIC_PROTOTYPE_CALIBRATED_TO_PUBLIC_MARKET_FACTOR_RANGES
2024-10-08,90.18,487.62,57.31,0.19,0.644,SYNTHETIC_PROTOTYPE_CALIBRATED_TO_PUBLIC_MARKET_FACTOR_RANGES
2024-10-09,87.86,478.36,58.75,0.289,0.696,SYNTHETIC_PROTOTYPE_CALIBRATED_TO_PUBLIC_MARKET_FACTOR_RANGES
2024-10-10,87.97,438.43,59.18,0.349,0.691,SYNTHETIC_PROTOTYPE_CALIBRATED_TO_PUBLIC_MARKET_FACTOR_RANGES
2024-10-11,93.37,477.41,60.27,0.072,0.638,SYNTHETIC_PROTOTYPE_CALIBRATED_TO_PUBLIC_MARKET_FACTOR_RANGES
2024-10-12,91.59,470.78,56.08,0.356,0.812,SYNTHETIC_PROTOTYPE_CALIBRATED_TO_PUBLIC_MARKET_FACTOR_RANGES
2024-10-13,70.55,440.2,53.14,0.233,0.68,SYNTHETIC_PROTOTYPE_CALIBRATED_TO_PUBLIC_MARKET_FACTOR_RANGES
2024-10-14,82.68,454.34,65.12,0.091,0.682,SYNTHETIC_PROTOTYPE_CALIBRATED_TO_PUBLIC_MARKET_FACTOR_RANGES
2024-10-15,82.8,470.38,68.7,0.0,0.742,SYNTHETIC_PROTOTYPE_CALIBRATED_TO_PUBLIC_MARKET_FACTOR_RANGES
2024-10-16,74.18,463.12,60.66,0.116,0.777,SYNTHETIC_PROTOTYPE_CALIBRATED_TO_PUBLIC_MARKET_FACTOR_RANGES
2024-10-17,82.71,440.13,53.7,0.236,0.751,SYNTHETIC_PROTOTYPE_CALIBRATED_TO_PUBLIC_MARKET_FACTOR_RANGES
2024-10-18,87.75,462.53,56.03,0.231,0.659,SYNTHETIC_PROTOTYPE_CALIBRATED_TO_PUBLIC_MARKET_FACTOR_RANGES
2024-10-19,75.31,428.96,61.29,0.285,0.717,SYNTHETIC_PROTOTYPE_CALIBRATED_TO_PUBLIC_MARKET_FACTOR_RANGES
2024-10-20,81.65,451.4,64.76,0.19,0.634,SYNTHETIC_PROTOTYPE_CALIBRATED_TO_PUBLIC_MARKET_FACTOR_RANGES
2024-10-21,74.6,467.24,54.69,0.144,0.747,SYNTHETIC_PROTOTYPE_CALIBRATED_TO_PUBLIC_MARKET_FACTOR_RANGES
2024-10-22,75.01,453.38,59.19,0.199,0.647,SYNTHETIC_PROTOTYPE_CALIBRATED_TO_PUBLIC_MARKET_FACTOR_RANGES
2024-10-23,84.94,446.81,60.62,0.234,0.682,SYNTHETIC_PROTOTYPE_CALIBRATED_TO_PUBLIC_MARKET_FACTOR_RANGES
2024-10-24,74.02,463.17,63.44,0.249,0.715,SYNTHETIC_PROTOTYPE_CALIBRATED_TO_PUBLIC_MARKET_FACTOR_RANGES
2024-10-25,78.22,463.97,58.77,0.167,0.734,SYNTHETIC_PROTOTYPE_CALIBRATED_TO_PUBLIC_MARKET_FACTOR_RANGES
2024-10-26,65.72,467.84,54.05,0.302,0.707,SYNTHETIC_PROTOTYPE_CALIBRATED_TO_PUBLIC_MARKET_FACTOR_RANGES
2024-10-27,83.56,462.53,62.95,0.18,0.78,SYNTHETIC_PROTOTYPE_CALIBRATED_TO_PUBLIC_MARKET_FACTOR_RANGES
2024-10-28,76.44,465.02,65.13,0.16,0.749,SYNTHETIC_PROTOTYPE_CALIBRATED_TO_PUBLIC_MARKET_FACTOR_RANGES
2024-10-29,71.71,460.93,60.47,0.187,0.748,SYNTHETIC_PROTOTYPE_CALIBRATED_TO_PUBLIC_MARKET_FACTOR_RANGES
2024-10-30,74.7,455.49,62.6,0.317,0.674,SYNTHETIC_PROTOTYPE_CALIBRATED_TO_PUBLIC_MARKET_FACTOR_RANGES
2024-10-31,63.99,453.65,59.25,0.221,0.792,SYNTHETIC_PROTOTYPE_CALIBRATED_TO_PUBLIC_MARKET_FACTOR_RANGES
2024-11-01,76.19,450.08,57.95,0.176,0.694,SYNTHETIC_PROTOTYPE_CALIBRATED_TO_PUBLIC_MARKET_FACTOR_RANGES
2024-11-02,67.92,438.83,65.62,0.307,0.796,SYNTHETIC_PROTOTYPE_CALIBRATED_TO_PUBLIC_MARKET_FACTOR_RANGES
2024-11-03,67.81,442.46,63.25,0.405,0.809,SYNTHETIC_PROTOTYPE_CALIBRATED_TO_PUBLIC_MARKET_FACTOR_RANGES
2024-11-04,65.69,451.18,63.85,0.251,0.75,SYNTHETIC_PROTOTYPE_CALIBRATED_TO_PUBLIC_MARKET_FACTOR_RANGES
2024-11-05,64.59,458.2,68.09,0.335,0.772,SYNTHETIC_PROTOTYPE_CALIBRATED_TO_PUBLIC_MARKET_FACTOR_RANGES
2024-11-06,70.35,473.44,58.06,0.32,0.609,SYNTHETIC_PROTOTYPE_CALIBRATED_TO_PUBLIC_MARKET_FACTOR_RANGES
2024-11-07,67.58,456.59,60.27,0.19,0.726,SYNTHETIC_PROTOTYPE_CALIBRATED_TO_PUBLIC_MARKET_FACTOR_RANGES
2024-11-08,69.02,470.18,63.31,0.243,0.779,SYNTHETIC_PROTOTYPE_CALIBRATED_TO_PUBLIC_MARKET_FACTOR_RANGES
2024-11-09,65.22,472.24,60.62,0.14,0.773,SYNTHETIC_PROTOTYPE_CALIBRATED_TO_PUBLIC_MARKET_FACTOR_RANGES
2024-11-10,67.38,457.77,66.22,0.228,0.688,SYNTHETIC_PROTOTYPE_CALIBRATED_TO_PUBLIC_MARKET_FACTOR_RANGES
2024-11-11,62.32,469.04,62.54,0.196,0.727,SYNTHETIC_PROTOTYPE_CALIBRATED_TO_PUBLIC_MARKET_FACTOR_RANGES
2024-11-12,75.2,460.44,59.53,0.216,0.638,SYNTHETIC_PROTOTYPE_CALIBRATED_TO_PUBLIC_MARKET_FACTOR_RANGES
2024-11-13,55.91,480.78,63.98,0.191,0.757,SYNTHETIC_PROTOTYPE_CALIBRATED_TO_PUBLIC_MARKET_FACTOR_RANGES
2024-11-14,69.8,474.21,64.62,0.23,0.667,SYNTHETIC_PROTOTYPE_CALIBRATED_TO_PUBLIC_MARKET_FACTOR_RANGES
2024-11-15,70.14,454.06,67.89,0.298,0.788,SYNTHETIC_PROTOTYPE_CALIBRATED_TO_PUBLIC_MARKET_FACTOR_RANGES
2024-11-16,58.89,472.14,65.95,0.249,0.791,SYNTHETIC_PROTOTYPE_CALIBRATED_TO_PUBLIC_MARKET_FACTOR_RANGES
2024-11-17,74.21,491.94,66.44,0.112,0.726,SYNTHETIC_PROTOTYPE_CALIBRATED_TO_PUBLIC_MARKET_FACTOR_RANGES
2024-11-18,68.0,472.04,66.1,0.204,0.767,SYNTHETIC_PROTOTYPE_CALIBRATED_TO_PUBLIC_MARKET_FACTOR_RANGES
2024-11-19,67.9,481.74,64.3,0.145,0.739,SYNTHETIC_PROTOTYPE_CALIBRATED_TO_PUBLIC_MARKET_FACTOR_RANGES
2024-11-20,63.26,485.15,62.42,0.289,0.758,SYNTHETIC_PROTOTYPE_CALIBRATED_TO_PUBLIC_MARKET_FACTOR_RANGES
2024-11-21,62.16,468.49,66.67,0.313,0.704,SYNTHETIC_PROTOTYPE_CALIBRATED_TO_PUBLIC_MARKET_FACTOR_RANGES
2024-11-22,62.38,489.47,64.41,0.297,0.776,SYNTHETIC_PROTOTYPE_CALIBRATED_TO_PUBLIC_MARKET_FACTOR_RANGES
2024-11-23,65.62,469.11,72.74,0.216,0.686,SYNTHETIC_PROTOTYPE_CALIBRATED_TO_PUBLIC_MARKET_FACTOR_RANGES
2024-11-24,70.96,480.91,71.59,0.303,0.68,SYNTHETIC_PROTOTYPE_CALIBRATED_TO_PUBLIC_MARKET_FACTOR_RANGES
2024-11-25,65.2,503.97,68.99,0.249,0.749,SYNTHETIC_PROTOTYPE_CALIBRATED_TO_PUBLIC_MARKET_FACTOR_RANGES
2024-11-26,60.13,498.07,68.21,0.199,0.746,SYNTHETIC_PROTOTYPE_CALIBRATED_TO_PUBLIC_MARKET_FACTOR_RANGES
2024-11-27,69.25,492.93,66.59,0.353,0.767,SYNTHETIC_PROTOTYPE_CALIBRATED_TO_PUBLIC_MARKET_FACTOR_RANGES
2024-11-28,70.22,504.79,62.14,0.363,0.731,SYNTHETIC_PROTOTYPE_CALIBRATED_TO_PUBLIC_MARKET_FACTOR_RANGES
2024-11-29,69.42,501.63,66.56,0.377,0.833,SYNTHETIC_PROTOTYPE_CALIBRATED_TO_PUBLIC_MARKET_FACTOR_RANGES
2024-11-30,70.44,505.47,68.08,0.256,0.765,SYNTHETIC_PROTOTYPE_CALIBRATED_TO_PUBLIC_MARKET_FACTOR_RANGES
2024-12-01,65.98,516.23,68.84,0.403,0.769,SYNTHETIC_PROTOTYPE_CALIBRATED_TO_PUBLIC_MARKET_FACTOR_RANGES
2024-12-02,63.34,502.68,70.05,0.273,0.769,SYNTHETIC_PROTOTYPE_CALIBRATED_TO_PUBLIC_MARKET_FACTOR_RANGES
2024-12-03,64.33,515.01,72.11,0.369,0.802,SYNTHETIC_PROTOTYPE_CALIBRATED_TO_PUBLIC_MARKET_FACTOR_RANGES
2024-12-04,61.21,513.92,65.9,0.28,0.785,SYNTHETIC_PROTOTYPE_CALIBRATED_TO_PUBLIC_MARKET_FACTOR_RANGES
2024-12-05,71.32,501.82,66.19,0.307,0.781,SYNTHETIC_PROTOTYPE_CALIBRATED_TO_PUBLIC_MARKET_FACTOR_RANGES
2024-12-06,70.49,513.0,74.98,0.135,0.794,SYNTHETIC_PROTOTYPE_CALIBRATED_TO_PUBLIC_MARKET_FACTOR_RANGES
2024-12-07,69.51,546.09,72.52,0.309,0.692,SYNTHETIC_PROTOTYPE_CALIBRATED_TO_PUBLIC_MARKET_FACTOR_RANGES
2024-12-08,57.74,535.13,68.12,0.345,0.694,SYNTHETIC_PROTOTYPE_CALIBRATED_TO_PUBLIC_MARKET_FACTOR_RANGES
2024-12-09,67.12,517.88,69.51,0.309,0.763,SYNTHETIC_PROTOTYPE_CALIBRATED_TO_PUBLIC_MARKET_FACTOR_RANGES
2024-12-10,79.8,518.53,69.79,0.486,0.759,SYNTHETIC_PROTOTYPE_CALIBRATED_TO_PUBLIC_MARKET_FACTOR_RANGES
2024-12-11,71.73,538.93,70.58,0.257,0.791,SYNTHETIC_PROTOTYPE_CALIBRATED_TO_PUBLIC_MARKET_FACTOR_RANGES
2024-12-12,77.72,562.26,72.6,0.309,0.769,SYNTHETIC_PROTOTYPE_CALIBRATED_TO_PUBLIC_MARKET_FACTOR_RANGES
2024-12-13,69.82,544.52,81.11,0.286,0.793,SYNTHETIC_PROTOTYPE_CALIBRATED_TO_PUBLIC_MARKET_FACTOR_RANGES
2024-12-14,84.83,565.66,71.99,0.317,0.72,SYNTHETIC_PROTOTYPE_CALIBRATED_TO_PUBLIC_MARKET_FACTOR_RANGES
2024-12-15,77.77,557.4,74.13,0.449,0.77,SYNTHETIC_PROTOTYPE_CALIBRATED_TO_PUBLIC_MARKET_FACTOR_RANGES
2024-12-16,80.79,562.0,65.0,0.489,0.718,SYNTHETIC_PROTOTYPE_CALIBRATED_TO_PUBLIC_MARKET_FACTOR_RANGES
2024-12-17,91.81,543.46,70.06,0.319,0.787,SYNTHETIC_PROTOTYPE_CALIBRATED_TO_PUBLIC_MARKET_FACTOR_RANGES
2024-12-18,88.59,573.84,77.17,0.321,0.697,SYNTHETIC_PROTOTYPE_CALIBRATED_TO_PUBLIC_MARKET_FACTOR_RANGES
2024-12-19,80.28,561.62,74.13,0.291,0.787,SYNTHETIC_PROTOTYPE_CALIBRATED_TO_PUBLIC_MARKET_FACTOR_RANGES
2024-12-20,79.63,579.01,55.22,0.492,0.715,SYNTHETIC_PROTOTYPE_CALIBRATED_TO_PUBLIC_MARKET_FACTOR_RANGES
2024-12-21,81.74,561.83,75.73,0.481,0.759,SYNTHETIC_PROTOTYPE_CALIBRATED_TO_PUBLIC_MARKET_FACTOR_RANGES
2024-12-22,86.65,576.63,80.96,0.386,0.81,SYNTHETIC_PROTOTYPE_CALIBRATED_TO_PUBLIC_MARKET_FACTOR_RANGES
2024-12-23,84.28,581.56,65.56,0.287,0.784,SYNTHETIC_PROTOTYPE_CALIBRATED_TO_PUBLIC_MARKET_FACTOR_RANGES
2024-12-24,83.51,578.25,79.88,0.298,0.71,SYNTHETIC_PROTOTYPE_CALIBRATED_TO_PUBLIC_MARKET_FACTOR_RANGES
2024-12-25,93.47,587.65,62.97,0.42,0.749,SYNTHETIC_PROTOTYPE_CALIBRATED_TO_PUBLIC_MARKET_FACTOR_RANGES
2024-12-26,86.17,582.22,78.07,0.454,0.716,SYNTHETIC_PROTOTYPE_CALIBRATED_TO_PUBLIC_MARKET_FACTOR_RANGES
2024-12-27,98.81,580.17,74.53,0.248,0.709,SYNTHETIC_PROTOTYPE_CALIBRATED_TO_PUBLIC_MARKET_FACTOR_RANGES
2024-12-28,88.3,609.68,65.42,0.391,0.782,SYNTHETIC_PROTOTYPE_CALIBRATED_TO_PUBLIC_MARKET_FACTOR_RANGES
2024-12-29,97.27,605.37,76.86,0.55,0.8,SYNTHETIC_PROTOTYPE_CALIBRATED_TO_PUBLIC_MARKET_FACTOR_RANGES
2024-12-30,90.58,585.93,79.93,0.406,0.796,SYNTHETIC_PROTOTYPE_CALIBRATED_TO_PUBLIC_MARKET_FACTOR_RANGES
2024-12-31,94.01,604.06,77.03,0.546,0.802,SYNTHETIC_PROTOTYPE_CALIBRATED_TO_PUBLIC_MARKET_FACTOR_RANGES
2025-01-01,85.94,590.41,78.17,0.482,0.778,SYNTHETIC_PROTOTYPE_CALIBRATED_TO_PUBLIC_MARKET_FACTOR_RANGES
2025-01-02,85.62,587.1,74.43,0.347,0.768,SYNTHETIC_PROTOTYPE_CALIBRATED_TO_PUBLIC_MARKET_FACTOR_RANGES
2025-01-03,92.46,615.6,68.88,0.413,0.736,SYNTHETIC_PROTOTYPE_CALIBRATED_TO_PUBLIC_MARKET_FACTOR_RANGES
2025-01-04,95.34,584.53,79.34,0.429,0.762,SYNTHETIC_PROTOTYPE_CALIBRATED_TO_PUBLIC_MARKET_FACTOR_RANGES
2025-01-05,90.79,617.77,83.81,0.366,0.727,SYNTHETIC_PROTOTYPE_CALIBRATED_TO_PUBLIC_MARKET_FACTOR_RANGES
2025-01-06,84.3,605.18,81.58,0.367,0.746,SYNTHETIC_PROTOTYPE_CALIBRATED_TO_PUBLIC_MARKET_FACTOR_RANGES
2025-01-07,84.03,607.13,69.35,0.568,0.783,SYNTHETIC_PROTOTYPE_CALIBRATED_TO_PUBLIC_MARKET_FACTOR_RANGES
2025-01-08,83.76,615.93,71.48,0.371,0.775,SYNTHETIC_PROTOTYPE_CALIBRATED_TO_PUBLIC_MARKET_FACTOR_RANGES
2025-01-09,82.07,619.22,74.4,0.538,0.902,SYNTHETIC_PROTOTYPE_CALIBRATED_TO_PUBLIC_MARKET_FACTOR_RANGES
2025-01-10,91.44,603.45,71.65,0.419,0.726,SYNTHETIC_PROTOTYPE_CALIBRATED_TO_PUBLIC_MARKET_FACTOR_RANGES
2025-01-11,96.46,622.99,78.43,0.454,0.775,SYNTHETIC_PROTOTYPE_CALIBRATED_TO_PUBLIC_MARKET_FACTOR_RANGES
2025-01-12,90.67,616.63,80.06,0.503,0.723,SYNTHETIC_PROTOTYPE_CALIBRATED_TO_PUBLIC_MARKET_FACTOR_RANGES
2025-01-13,79.3,600.97,73.0,0.412,0.764,SYNTHETIC_PROTOTYPE_CALIBRATED_TO_PUBLIC_MARKET_FACTOR_RANGES
2025-01-14,89.48,614.67,82.06,0.507,0.766,SYNTHETIC_PROTOTYPE_CALIBRATED_TO_PUBLIC_MARKET_FACTOR_RANGES
2025-01-15,89.43,633.84,81.58,0.299,0.814,SYNTHETIC_PROTOTYPE_CALIBRATED_TO_PUBLIC_MARKET_FACTOR_RANGES
2025-01-16,100.5,637.83,77.21,0.499,0.762,SYNTHETIC_PROTOTYPE_CALIBRATED_TO_PUBLIC_MARKET_FACTOR_RANGES
2025-01-17,82.49,626.65,78.94,0.268,0.772,SYNTHETIC_PROTOTYPE_CALIBRATED_TO_PUBLIC_MARKET_FACTOR_RANGES
2025-01-18,87.55,603.98,72.05,0.448,0.762,SYNTHETIC_PROTOTYPE_CALIBRATED_TO_PUBLIC_MARKET_FACTOR_RANGES
2025-01-19,97.74,624.27,78.74,0.536,0.723,SYNTHETIC_PROTOTYPE_CALIBRATED_TO_PUBLIC_MARKET_FACTOR_RANGES
2025-01-20,91.16,628.6,80.31,0.518,0.753,SYNTHETIC_PROTOTYPE_CALIBRATED_TO_PUBLIC_MARKET_FACTOR_RANGES
2025-01-21,91.4,627.01,81.17,0.365,0.764,SYNTHETIC_PROTOTYPE_CALIBRATED_TO_PUBLIC_MARKET_FACTOR_RANGES
2025-01-22,88.83,627.53,82.22,0.376,0.782,SYNTHETIC_PROTOTYPE_CALIBRATED_TO_PUBLIC_MARKET_FACTOR_RANGES
2025-01-23,89.56,622.18,81.89,0.415,0.801,SYNTHETIC_PROTOTYPE_CALIBRATED_TO_PUBLIC_MARKET_FACTOR_RANGES
2025-01-24,91.46,616.56,80.06,0.485,0.769,SYNTHETIC_PROTOTYPE_CALIBRATED_TO_PUBLIC_MARKET_FACTOR_RANGES
2025-01-25,83.18,609.65,82.47,0.307,0.768,SYNTHETIC_PROTOTYPE_CALIBRATED_TO_PUBLIC_MARKET_FACTOR_RANGES
2025-01-26,91.27,593.61,85.53,0.469,0.709,SYNTHETIC_PROTOTYPE_CALIBRATED_TO_PUBLIC_MARKET_FACTOR_RANGES
2025-01-27,79.68,619.81,81.34,0.495,0.799,SYNTHETIC_PROTOTYPE_CALIBRATED_TO_PUBLIC_MARKET_FACTOR_RANGES
2025-01-28,87.86,617.23,83.19,0.447,0.749,SYNTHETIC_PROTOTYPE_CALIBRATED_TO_PUBLIC_MARKET_FACTOR_RANGES
2025-01-29,86.79,620.87,81.37,0.511,0.807,SYNTHETIC_PROTOTYPE_CALIBRATED_TO_PUBLIC_MARKET_FACTOR_RANGES
2025-01-30,82.52,597.24,79.71,0.486,0.829,SYNTHETIC_PROTOTYPE_CALIBRATED_TO_PUBLIC_MARKET_FACTOR_RANGES
2025-01-31,85.21,620.07,84.58,0.424,0.768,SYNTHETIC_PROTOTYPE_CALIBRATED_TO_PUBLIC_MARKET_FACTOR_RANGES
2025-02-01,81.95,635.96,80.45,0.312,0.735,SYNTHETIC_PROTOTYPE_CALIBRATED_TO_PUBLIC_MARKET_FACTOR_RANGES
2025-02-02,79.46,611.16,84.39,0.476,0.774,SYNTHETIC_PROTOTYPE_CALIBRATED_TO_PUBLIC_MARKET_FACTOR_RANGES
2025-02-03,82.84,608.33,83.14,0.388,0.788,SYNTHETIC_PROTOTYPE_CALIBRATED_TO_PUBLIC_MARKET_FACTOR_RANGES
2025-02-04,78.91,611.58,81.98,0.416,0.761,SYNTHETIC_PROTOTYPE_CALIBRATED_TO_PUBLIC_MARKET_FACTOR_RANGES
2025-02-05,85.9,631.02,82.06,0.5,0.751,SYNTHETIC_PROTOTYPE_CALIBRATED_TO_PUBLIC_MARKET_FACTOR_RANGES
2025-02-06,78.43,593.05,81.5,0.573,0.795,SYNTHETIC_PROTOTYPE_CALIBRATED_TO_PUBLIC_MARKET_FACTOR_RANGES
2025-02-07,87.66,606.45,77.12,0.455,0.792,SYNTHETIC_PROTOTYPE_CALIBRATED_TO_PUBLIC_MARKET_FACTOR_RANGES
2025-02-08,78.16,593.05,85.39,0.5,0.758,SYNTHETIC_PROTOTYPE_CALIBRATED_TO_PUBLIC_MARKET_FACTOR_RANGES
2025-02-09,81.24,594.69,84.94,0.338,0.705,SYNTHETIC_PROTOTYPE_CALIBRATED_TO_PUBLIC_MARKET_FACTOR_RANGES
2025-02-10,81.0,599.25,87.57,0.471,0.789,SYNTHETIC_PROTOTYPE_CALIBRATED_TO_PUBLIC_MARKET_FACTOR_RANGES
2025-02-11,90.84,614.58,82.19,0.445,0.739,SYNTHETIC_PROTOTYPE_CALIBRATED_TO_PUBLIC_MARKET_FACTOR_RANGES
2025-02-12,86.01,618.57,92.04,0.545,0.778,SYNTHETIC_PROTOTYPE_CALIBRATED_TO_PUBLIC_MARKET_FACTOR_RANGES
2025-02-13,83.48,600.88,83.08,0.401,0.774,SYNTHETIC_PROTOTYPE_CALIBRATED_TO_PUBLIC_MARKET_FACTOR_RANGES
2025-02-14,87.27,589.52,81.24,0.423,0.692,SYNTHETIC_PROTOTYPE_CALIBRATED_TO_PUBLIC_MARKET_FACTOR_RANGES
2025-02-15,74.52,622.49,80.9,0.524,0.77,SYNTHETIC_PROTOTYPE_CALIBRATED_TO_PUBLIC_MARKET_FACTOR_RANGES
2025-02-16,85.17,585.99,78.07,0.429,0.787,SYNTHETIC_PROTOTYPE_CALIBRATED_TO_PUBLIC_MARKET_FACTOR_RANGES
2025-02-17,95.75,582.82,91.26,0.345,0.791,SYNTHETIC_PROTOTYPE_CALIBRATED_TO_PUBLIC_MARKET_FACTOR_RANGES
2025-02-18,86.85,566.94,90.74,0.634,0.769,SYNTHETIC_PROTOTYPE_CALIBRATED_TO_PUBLIC_MARKET_FACTOR_RANGES
2025-02-19,87.0,603.58,87.78,0.341,0.685,SYNTHETIC_PROTOTYPE_CALIBRATED_TO_PUBLIC_MARKET_FACTOR_RANGES
2025-02-20,89.93,597.06,81.91,0.419,0.814,SYNTHETIC_PROTOTYPE_CALIBRATED_TO_PUBLIC_MARKET_FACTOR_RANGES
2025-02-21,92.23,613.09,92.85,0.448,0.779,SYNTHETIC_PROTOTYPE_CALIBRATED_TO_PUBLIC_MARKET_FACTOR_RANGES
2025-02-22,78.38,566.07,84.3,0.439,0.713,SYNTHETIC_PROTOTYPE_CALIBRATED_TO_PUBLIC_MARKET_FACTOR_RANGES
2025-02-23,80.62,598.94,84.73,0.398,0.729,SYNTHETIC_PROTOTYPE_CALIBRATED_TO_PUBLIC_MARKET_FACTOR_RANGES
2025-02-24,90.78,581.03,91.66,0.395,0.769,SYNTHETIC_PROTOTYPE_CALIBRATED_TO_PUBLIC_MARKET_FACTOR_RANGES
2025-02-25,86.9,588.64,88.64,0.388,0.786,SYNTHETIC_PROTOTYPE_CALIBRATED_TO_PUBLIC_MARKET_FACTOR_RANGES
2025-02-26,97.82,558.03,94.9,0.313,0.738,SYNTHETIC_PROTOTYPE_CALIBRATED_TO_PUBLIC_MARKET_FACTOR_RANGES
2025-02-27,90.5,594.3,87.17,0.571,0.79,SYNTHETIC_PROTOTYPE_CALIBRATED_TO_PUBLIC_MARKET_FACTOR_RANGES
2025-02-28,83.26,585.05,84.67,0.377,0.684,SYNTHETIC_PROTOTYPE_CALIBRATED_TO_PUBLIC_MARKET_FACTOR_RANGES
2025-03-01,87.48,574.13,83.89,0.439,0.713,SYNTHETIC_PROTOTYPE_CALIBRATED_TO_PUBLIC_MARKET_FACTOR_RANGES
2025-03-02,80.99,581.39,79.03,0.36,0.671,SYNTHETIC_PROTOTYPE_CALIBRATED_TO_PUBLIC_MARKET_FACTOR_RANGES
2025-03-03,94.51,563.56,85.37,0.355,0.717,SYNTHETIC_PROTOTYPE_CALIBRATED_TO_PUBLIC_MARKET_FACTOR_RANGES
2025-03-04,95.71,564.96,91.13,0.343,0.812,SYNTHETIC_PROTOTYPE_CALIBRATED_TO_PUBLIC_MARKET_FACTOR_RANGES
2025-03-05,95.51,565.59,89.0,0.251,0.833,SYNTHETIC_PROTOTYPE_CALIBRATED_TO_PUBLIC_MARKET_FACTOR_RANGES
2025-03-06,104.04,548.22,86.75,0.358,0.759,SYNTHETIC_PROTOTYPE_CALIBRATED_TO_PUBLIC_MARKET_FACTOR_RANGES
2025-03-07,105.66,580.16,82.74,0.334,0.723,SYNTHETIC_PROTOTYPE_CALIBRATED_TO_PUBLIC_MARKET_FACTOR_RANGES
2025-03-08,99.84,583.55,87.67,0.456,0.738,SYNTHETIC_PROTOTYPE_CALIBRATED_TO_PUBLIC_MARKET_FACTOR_RANGES
2025-03-09,91.06,560.34,90.86,0.263,0.765,SYNTHETIC_PROTOTYPE_CALIBRATED_TO_PUBLIC_MARKET_FACTOR_RANGES
2025-03-10,105.87,572.51,88.57,0.308,0.682,SYNTHETIC_PROTOTYPE_CALIBRATED_TO_PUBLIC_MARKET_FACTOR_RANGES
2025-03-11,106.6,564.8,87.55,0.278,0.721,SYNTHETIC_PROTOTYPE_CALIBRATED_TO_PUBLIC_MARKET_FACTOR_RANGES
2025-03-12,106.42,571.64,83.72,0.461,0.8,SYNTHETIC_PROTOTYPE_CALIBRATED_TO_PUBLIC_MARKET_FACTOR_RANGES
2025-03-13,110.81,559.96,90.41,0.272,0.7,SYNTHETIC_PROTOTYPE_CALIBRATED_TO_PUBLIC_MARKET_FACTOR_RANGES
2025-03-14,101.11,556.75,74.43,0.382,0.71,SYNTHETIC_PROTOTYPE_CALIBRATED_TO_PUBLIC_MARKET_FACTOR_RANGES
2025-03-15,117.99,579.91,88.51,0.411,0.74,SYNTHETIC_PROTOTYPE_CALIBRATED_TO_PUBLIC_MARKET_FACTOR_RANGES
2025-03-16,104.15,566.52,97.27,0.317,0.749,SYNTHETIC_PROTOTYPE_CALIBRATED_TO_PUBLIC_MARKET_FACTOR_RANGES
2025-03-17,113.67,591.62,80.96,0.215,0.712,SYNTHETIC_PROTOTYPE_CALIBRATED_TO_PUBLIC_MARKET_FACTOR_RANGES
2025-03-18,102.44,568.05,86.03,0.212,0.738,SYNTHETIC_PROTOTYPE_CALIBRATED_TO_PUBLIC_MARKET_FACTOR_RANGES
2025-03-19,107.16,556.59,86.97,0.386,0.758,SYNTHETIC_PROTOTYPE_CALIBRATED_TO_PUBLIC_MARKET_FACTOR_RANGES
2025-03-20,120.29,582.69,85.14,0.212,0.811,SYNTHETIC_PROTOTYPE_CALIBRATED_TO_PUBLIC_MARKET_FACTOR_RANGES
2025-03-21,112.27,575.87,91.13,0.34,0.727,SYNTHETIC_PROTOTYPE_CALIBRATED_TO_PUBLIC_MARKET_FACTOR_RANGES
2025-03-22,118.61,577.41,88.86,0.314,0.729,SYNTHETIC_PROTOTYPE_CALIBRATED_TO_PUBLIC_MARKET_FACTOR_RANGES
2025-03-23,116.39,583.42,87.56,0.331,0.79,SYNTHETIC_PROTOTYPE_CALIBRATED_TO_PUBLIC_MARKET_FACTOR_RANGES
2025-03-24,115.43,561.8,90.12,0.335,0.706,SYNTHETIC_PROTOTYPE_CALIBRATED_TO_PUBLIC_MARKET_FACTOR_RANGES
2025-03-25,123.49,568.66,86.97,0.219,0.674,SYNTHETIC_PROTOTYPE_CALIBRATED_TO_PUBLIC_MARKET_FACTOR_RANGES
2025-03-26,116.15,568.73,99.59,0.212,0.735,SYNTHETIC_PROTOTYPE_CALIBRATED_TO_PUBLIC_MARKET_FACTOR_RANGES
2025-03-27,109.06,555.95,87.44,0.344,0.767,SYNTHETIC_PROTOTYPE_CALIBRATED_TO_PUBLIC_MARKET_FACTOR_RANGES
2025-03-28,114.52,568.97,87.57,0.233,0.737,SYNTHETIC_PROTOTYPE_CALIBRATED_TO_PUBLIC_MARKET_FACTOR_RANGES
2025-03-29,121.81,588.89,79.91,0.059,0.717,SYNTHETIC_PROTOTYPE_CALIBRATED_TO_PUBLIC_MARKET_FACTOR_RANGES
2025-03-30,121.51,576.47,84.52,0.328,0.662,SYNTHETIC_PROTOTYPE_CALIBRATED_TO_PUBLIC_MARKET_FACTOR_RANGES
2025-03-31,112.12,558.26,91.23,0.19,0.716,SYNTHETIC_PROTOTYPE_CALIBRATED_TO_PUBLIC_MARKET_FACTOR_RANGES
2025-04-01,116.7,556.56,81.24,0.307,0.767,SYNTHETIC_PROTOTYPE_CALIBRATED_TO_PUBLIC_MARKET_FACTOR_RANGES
2025-04-02,117.73,596.05,77.89,0.378,0.667,SYNTHETIC_PROTOTYPE_CALIBRATED_TO_PUBLIC_MARKET_FACTOR_RANGES
2025-04-03,119.08,575.85,86.59,0.265,0.705,SYNTHETIC_PROTOTYPE_CALIBRATED_TO_PUBLIC_MARKET_FACTOR_RANGES
2025-04-04,114.24,570.04,91.87,0.34,0.698,SYNTHETIC_PROTOTYPE_CALIBRATED_TO_PUBLIC_MARKET_FACTOR_RANGES
2025-04-05,118.13,575.41,86.48,0.27,0.684,SYNTHETIC_PROTOTYPE_CALIBRATED_TO_PUBLIC_MARKET_FACTOR_RANGES
2025-04-06,117.73,561.86,84.89,0.382,0.72,SYNTHETIC_PROTOTYPE_CALIBRATED_TO_PUBLIC_MARKET_FACTOR_RANGES
2025-04-07,125.29,597.55,78.71,0.168,0.727,SYNTHETIC_PROTOTYPE_CALIBRATED_TO_PUBLIC_MARKET_FACTOR_RANGES
2025-04-08,125.48,576.64,87.87,0.25,0.725,SYNTHETIC_PROTOTYPE_CALIBRATED_TO_PUBLIC_MARKET_FACTOR_RANGES
2025-04-09,120.65,598.64,88.61,0.302,0.667,SYNTHETIC_PROTOTYPE_CALIBRATED_TO_PUBLIC_MARKET_FACTOR_RANGES
2025-04-10,119.32,583.71,78.75,0.231,0.639,SYNTHETIC_PROTOTYPE_CALIBRATED_TO_PUBLIC_MARKET_FACTOR_RANGES
2025-04-11,121.84,601.09,90.31,0.336,0.714,SYNTHETIC_PROTOTYPE_CALIBRATED_TO_PUBLIC_MARKET_FACTOR_RANGES
2025-04-12,116.86,587.84,88.73,0.208,0.682,SYNTHETIC_PROTOTYPE_CALIBRATED_TO_PUBLIC_MARKET_FACTOR_RANGES
2025-04-13,114.97,595.79,90.09,0.406,0.774,SYNTHETIC_PROTOTYPE_CALIBRATED_TO_PUBLIC_MARKET_FACTOR_RANGES
2025-04-14,115.73,594.93,87.78,0.409,0.775,SYNTHETIC_PROTOTYPE_CALIBRATED_TO_PUBLIC_MARKET_FACTOR_RANGES
2025-04-15,116.94,594.51,87.95,0.26,0.778,SYNTHETIC_PROTOTYPE_CALIBRATED_TO_PUBLIC_MARKET_FACTOR_RANGES
2025-04-16,113.95,591.88,87.29,0.28,0.659,SYNTHETIC_PROTOTYPE_CALIBRATED_TO_PUBLIC_MARKET_FACTOR_RANGES
2025-04-17,120.19,585.54,88.56,0.33,0.718,SYNTHETIC_PROTOTYPE_CALIBRATED_TO_PUBLIC_MARKET_FACTOR_RANGES
2025-04-18,122.61,611.9,77.68,0.139,0.729,SYNTHETIC_PROTOTYPE_CALIBRATED_TO_PUBLIC_MARKET_FACTOR_RANGES
2025-04-19,110.57,578.56,78.82,0.128,0.723,SYNTHETIC_PROTOTYPE_CALIBRATED_TO_PUBLIC_MARKET_FACTOR_RANGES
2025-04-20,118.16,589.96,81.75,0.332,0.677,SYNTHETIC_PROTOTYPE_CALIBRATED_TO_PUBLIC_MARKET_FACTOR_RANGES
2025-04-21,116.44,590.49,84.03,0.253,0.741,SYNTHETIC_PROTOTYPE_CALIBRATED_TO_PUBLIC_MARKET_FACTOR_RANGES
2025-04-22,118.73,595.48,85.96,0.213,0.689,SYNTHETIC_PROTOTYPE_CALIBRATED_TO_PUBLIC_MARKET_FACTOR_RANGES
2025-04-23,116.43,585.76,85.56,0.231,0.692,SYNTHETIC_PROTOTYPE_CALIBRATED_TO_PUBLIC_MARKET_FACTOR_RANGES
2025-04-24,108.68,594.88,88.58,0.039,0.624,SYNTHETIC_PROTOTYPE_CALIBRATED_TO_PUBLIC_MARKET_FACTOR_RANGES
2025-04-25,109.09,589.19,88.55,0.215,0.71,SYNTHETIC_PROTOTYPE_CALIBRATED_TO_PUBLIC_MARKET_FACTOR_RANGES
2025-04-26,114.99,572.27,80.31,0.17,0.673,SYNTHETIC_PROTOTYPE_CALIBRATED_TO_PUBLIC_MARKET_FACTOR_RANGES
2025-04-27,119.42,591.31,84.59,0.304,0.7,SYNTHETIC_PROTOTYPE_CALIBRATED_TO_PUBLIC_MARKET_FACTOR_RANGES
2025-04-28,102.65,577.85,80.08,0.31,0.69,SYNTHETIC_PROTOTYPE_CALIBRATED_TO_PUBLIC_MARKET_FACTOR_RANGES
2025-04-29,114.89,570.01,82.55,0.277,0.686,SYNTHETIC_PROTOTYPE_CALIBRATED_TO_PUBLIC_MARKET_FACTOR_RANGES
2025-04-30,118.56,592.14,84.42,0.263,0.676,SYNTHETIC_PROTOTYPE_CALIBRATED_TO_PUBLIC_MARKET_FACTOR_RANGES
2025-05-01,111.31,595.93,69.32,0.113,0.708,SYNTHETIC_PROTOTYPE_CALIBRATED_TO_PUBLIC_MARKET_FACTOR_RANGES
2025-05-02,114.3,595.88,92.43,0.281,0.667,SYNTHETIC_PROTOTYPE_CALIBRATED_TO_PUBLIC_MARKET_FACTOR_RANGES
2025-05-03,107.52,595.75,84.87,0.285,0.616,SYNTHETIC_PROTOTYPE_CALIBRATED_TO_PUBLIC_MARKET_FACTOR_RANGES
2025-05-04,109.95,565.04,80.03,0.335,0.695,SYNTHETIC_PROTOTYPE_CALIBRATED_TO_PUBLIC_MARKET_FACTOR_RANGES
2025-05-05,101.98,571.08,89.94,0.407,0.639,SYNTHETIC_PROTOTYPE_CALIBRATED_TO_PUBLIC_MARKET_FACTOR_RANGES
2025-05-06,97.92,610.17,80.65,0.103,0.617,SYNTHETIC_PROTOTYPE_CALIBRATED_TO_PUBLIC_MARKET_FACTOR_RANGES
2025-05-07,113.94,572.9,82.38,0.209,0.628,SYNTHETIC_PROTOTYPE_CALIBRATED_TO_PUBLIC_MARKET_FACTOR_RANGES
2025-05-08,103.91,591.67,79.7,0.183,0.679,SYNTHETIC_PROTOTYPE_CALIBRATED_TO_PUBLIC_MARKET_FACTOR_RANGES
2025-05-09,106.21,574.86,88.06,0.258,0.662,SYNTHETIC_PROTOTYPE_CALIBRATED_TO_PUBLIC_MARKET_FACTOR_RANGES
2025-05-10,101.23,582.73,80.83,0.247,0.58,SYNTHETIC_PROTOTYPE_CALIBRATED_TO_PUBLIC_MARKET_FACTOR_RANGES
2025-05-11,100.83,572.73,81.64,0.23,0.648,SYNTHETIC_PROTOTYPE_CALIBRATED_TO_PUBLIC_MARKET_FACTOR_RANGES
2025-05-12,106.77,585.53,85.65,0.333,0.709,SYNTHETIC_PROTOTYPE_CALIBRATED_TO_PUBLIC_MARKET_FACTOR_RANGES
2025-05-13,103.78,578.78,82.97,0.165,0.643,SYNTHETIC_PROTOTYPE_CALIBRATED_TO_PUBLIC_MARKET_FACTOR_RANGES
2025-05-14,109.15,570.02,80.2,0.172,0.653,SYNTHETIC_PROTOTYPE_CALIBRATED_TO_PUBLIC_MARKET_FACTOR_RANGES
2025-05-15,109.4,560.95,84.64,0.176,0.701,SYNTHETIC_PROTOTYPE_CALIBRATED_TO_PUBLIC_MARKET_FACTOR_RANGES
2025-05-16,108.65,574.82,90.14,0.232,0.69,SYNTHETIC_PROTOTYPE_CALIBRATED_TO_PUBLIC_MARKET_FACTOR_RANGES
2025-05-17,108.2,555.01,81.03,0.165,0.697,SYNTHETIC_PROTOTYPE_CALIBRATED_TO_PUBLIC_MARKET_FACTOR_RANGES
2025-05-18,114.89,572.55,80.01,0.263,0.545,SYNTHETIC_PROTOTYPE_CALIBRATED_TO_PUBLIC_MARKET_FACTOR_RANGES
2025-05-19,101.71,596.71,80.0,0.256,0.724,SYNTHETIC_PROTOTYPE_CALIBRATED_TO_PUBLIC_MARKET_FACTOR_RANGES
2025-05-20,106.85,579.08,84.33,0.21,0.679,SYNTHETIC_PROTOTYPE_CALIBRATED_TO_PUBLIC_MARKET_FACTOR_RANGES
2025-05-21,112.92,569.09,76.47,0.346,0.75,SYNTHETIC_PROTOTYPE_CALIBRATED_TO_PUBLIC_MARKET_FACTOR_RANGES
2025-05-22,113.74,556.95,77.52,0.275,0.62,SYNTHETIC_PROTOTYPE_CALIBRATED_TO_PUBLIC_MARKET_FACTOR_RANGES
2025-05-23,100.51,532.15,72.25,0.368,0.579,SYNTHETIC_PROTOTYPE_CALIBRATED_TO_PUBLIC_MARKET_FACTOR_RANGES
2025-05-24,106.3,536.9,73.43,0.271,0.649,SYNTHETIC_PROTOTYPE_CALIBRATED_TO_PUBLIC_MARKET_FACTOR_RANGES
2025-05-25,114.94,565.44,75.86,0.288,0.637,SYNTHETIC_PROTOTYPE_CALIBRATED_TO_PUBLIC_MARKET_FACTOR_RANGES
2025-05-26,111.0,537.78,77.47,0.249,0.673,SYNTHETIC_PROTOTYPE_CALIBRATED_TO_PUBLIC_MARKET_FACTOR_RANGES
2025-05-27,109.79,536.01,84.53,0.297,0.689,SYNTHETIC_PROTOTYPE_CALIBRATED_TO_PUBLIC_MARKET_FACTOR_RANGES
2025-05-28,108.11,539.5,79.36,0.358,0.641,SYNTHETIC_PROTOTYPE_CALIBRATED_TO_PUBLIC_MARKET_FACTOR_RANGES
2025-05-29,107.69,525.77,73.32,0.272,0.634,SYNTHETIC_PROTOTYPE_CALIBRATED_TO_PUBLIC_MARKET_FACTOR_RANGES
2025-05-30,111.49,520.77,73.81,0.35,0.664,SYNTHETIC_PROTOTYPE_CALIBRATED_TO_PUBLIC_MARKET_FACTOR_RANGES
2025-05-31,109.25,531.81,81.98,0.248,0.632,SYNTHETIC_PROTOTYPE_CALIBRATED_TO_PUBLIC_MARKET_FACTOR_RANGES
2025-06-01,110.79,518.61,80.74,0.378,0.627,SYNTHETIC_PROTOTYPE_CALIBRATED_TO_PUBLIC_MARKET_FACTOR_RANGES
2025-06-02,111.9,517.26,76.1,0.275,0.681,SYNTHETIC_PROTOTYPE_CALIBRATED_TO_PUBLIC_MARKET_FACTOR_RANGES
2025-06-03,108.64,513.59,73.96,0.393,0.689,SYNTHETIC_PROTOTYPE_CALIBRATED_TO_PUBLIC_MARKET_FACTOR_RANGES
2025-06-04,115.23,526.02,79.98,0.334,0.682,SYNTHETIC_PROTOTYPE_CALIBRATED_TO_PUBLIC_MARKET_FACTOR_RANGES
2025-06-05,127.69,513.74,71.26,0.455,0.631,SYNTHETIC_PROTOTYPE_CALIBRATED_TO_PUBLIC_MARKET_FACTOR_RANGES
2025-06-06,104.79,511.13,76.55,0.245,0.551,SYNTHETIC_PROTOTYPE_CALIBRATED_TO_PUBLIC_MARKET_FACTOR_RANGES
2025-06-07,115.85,517.17,83.82,0.224,0.63,SYNTHETIC_PROTOTYPE_CALIBRATED_TO_PUBLIC_MARKET_FACTOR_RANGES
2025-06-08,110.99,505.04,75.29,0.297,0.604,SYNTHETIC_PROTOTYPE_CALIBRATED_TO_PUBLIC_MARKET_FACTOR_RANGES
2025-06-09,118.23,500.13,71.11,0.239,0.629,SYNTHETIC_PROTOTYPE_CALIBRATED_TO_PUBLIC_MARKET_FACTOR_RANGES
2025-06-10,116.13,505.86,75.6,0.244,0.606,SYNTHETIC_PROTOTYPE_CALIBRATED_TO_PUBLIC_MARKET_FACTOR_RANGES
2025-06-11,120.25,504.97,71.83,0.408,0.632,SYNTHETIC_PROTOTYPE_CALIBRATED_TO_PUBLIC_MARKET_FACTOR_RANGES
2025-06-12,122.84,491.95,67.87,0.362,0.59,SYNTHETIC_PROTOTYPE_CALIBRATED_TO_PUBLIC_MARKET_FACTOR_RANGES
2025-06-13,118.44,491.47,76.0,0.328,0.58,SYNTHETIC_PROTOTYPE_CALIBRATED_TO_PUBLIC_MARKET_FACTOR_RANGES
2025-06-14,123.63,477.93,77.41,0.34,0.679,SYNTHETIC_PROTOTYPE_CALIBRATED_TO_PUBLIC_MARKET_FACTOR_RANGES
2025-06-15,106.72,473.83,71.43,0.327,0.591,SYNTHETIC_PROTOTYPE_CALIBRATED_TO_PUBLIC_MARKET_FACTOR_RANGES
2025-06-16,126.84,490.26,70.91,0.511,0.629,SYNTHETIC_PROTOTYPE_CALIBRATED_TO_PUBLIC_MARKET_FACTOR_RANGES
2025-06-17,121.18,483.29,68.32,0.324,0.667,SYNTHETIC_PROTOTYPE_CALIBRATED_TO_PUBLIC_MARKET_FACTOR_RANGES
2025-06-18,125.08,480.39,71.3,0.281,0.664,SYNTHETIC_PROTOTYPE_CALIBRATED_TO_PUBLIC_MARKET_FACTOR_RANGES
2025-06-19,113.94,475.32,69.4,0.455,0.659,SYNTHETIC_PROTOTYPE_CALIBRATED_TO_PUBLIC_MARKET_FACTOR_RANGES
2025-06-20,116.2,469.58,67.34,0.378,0.639,SYNTHETIC_PROTOTYPE_CALIBRATED_TO_PUBLIC_MARKET_FACTOR_RANGES
2025-06-21,121.36,474.52,78.7,0.562,0.655,SYNTHETIC_PROTOTYPE_CALIBRATED_TO_PUBLIC_MARKET_FACTOR_RANGES
2025-06-22,120.78,474.59,72.74,0.361,0.681,SYNTHETIC_PROTOTYPE_CALIBRATED_TO_PUBLIC_MARKET_FACTOR_RANGES
2025-06-23,122.47,471.58,72.9,0.474,0.642,SYNTHETIC_PROTOTYPE_CALIBRATED_TO_PUBLIC_MARKET_FACTOR_RANGES
2025-06-24,126.62,456.79,73.89,0.497,0.551,SYNTHETIC_PROTOTYPE_CALIBRATED_TO_PUBLIC_MARKET_FACTOR_RANGES
2025-06-25,112.47,472.07,73.19,0.372,0.603,SYNTHETIC_PROTOTYPE_CALIBRATED_TO_PUBLIC_MARKET_FACTOR_RANGES
2025-06-26,126.21,455.68,68.19,0.358,0.652,SYNTHETIC_PROTOTYPE_CALIBRATED_TO_PUBLIC_MARKET_FACTOR_RANGES
2025-06-27,121.38,458.13,70.68,0.48,0.598,SYNTHETIC_PROTOTYPE_CALIBRATED_TO_PUBLIC_MARKET_FACTOR_RANGES
2025-06-28,120.27,451.61,68.26,0.47,0.688,SYNTHETIC_PROTOTYPE_CALIBRATED_TO_PUBLIC_MARKET_FACTOR_RANGES
2025-06-29,113.82,448.97,70.84,0.314,0.62,SYNTHETIC_PROTOTYPE_CALIBRATED_TO_PUBLIC_MARKET_FACTOR_RANGES
2025-06-30,123.53,435.06,70.2,0.34,0.626,SYNTHETIC_PROTOTYPE_CALIBRATED_TO_PUBLIC_MARKET_FACTOR_RANGES
2025-07-01,108.74,450.28,67.05,0.23,0.667,SYNTHETIC_PROTOTYPE_CALIBRATED_TO_PUBLIC_MARKET_FACTOR_RANGES
2025-07-02,123.78,474.08,63.01,0.484,0.614,SYNTHETIC_PROTOTYPE_CALIBRATED_TO_PUBLIC_MARKET_FACTOR_RANGES
2025-07-03,112.76,433.62,68.66,0.418,0.628,SYNTHETIC_PROTOTYPE_CALIBRATED_TO_PUBLIC_MARKET_FACTOR_RANGES
2025-07-04,120.12,437.26,67.01,0.429,0.657,SYNTHETIC_PROTOTYPE_CALIBRATED_TO_PUBLIC_MARKET_FACTOR_RANGES
2025-07-05,118.83,429.45,60.02,0.309,0.562,SYNTHETIC_PROTOTYPE_CALIBRATED_TO_PUBLIC_MARKET_FACTOR_RANGES
2025-07-06,124.8,427.45,69.37,0.359,0.609,SYNTHETIC_PROTOTYPE_CALIBRATED_TO_PUBLIC_MARKET_FACTOR_RANGES
2025-07-07,117.53,450.45,70.95,0.411,0.654,SYNTHETIC_PROTOTYPE_CALIBRATED_TO_PUBLIC_MARKET_FACTOR_RANGES
2025-07-08,114.38,422.57,76.96,0.398,0.623,SYNTHETIC_PROTOTYPE_CALIBRATED_TO_PUBLIC_MARKET_FACTOR_RANGES
2025-07-09,114.69,423.79,65.04,0.551,0.616,SYNTHETIC_PROTOTYPE_CALIBRATED_TO_PUBLIC_MARKET_FACTOR_RANGES
2025-07-10,122.92,409.38,64.21,0.59,0.495,SYNTHETIC_PROTOTYPE_CALIBRATED_TO_PUBLIC_MARKET_FACTOR_RANGES
2025-07-11,118.52,418.4,61.69,0.727,0.49,SYNTHETIC_PROTOTYPE_CALIBRATED_TO_PUBLIC_MARKET_FACTOR_RANGES
2025-07-12,113.16,406.17,66.73,0.546,0.588,SYNTHETIC_PROTOTYPE_CALIBRATED_TO_PUBLIC_MARKET_FACTOR_RANGES
2025-07-13,113.11,433.53,66.47,0.638,0.592,SYNTHETIC_PROTOTYPE_CALIBRATED_TO_PUBLIC_MARKET_FACTOR_RANGES
2025-07-14,105.62,458.95,62.18,0.484,0.55,SYNTHETIC_PROTOTYPE_CALIBRATED_TO_PUBLIC_MARKET_FACTOR_RANGES
2025-07-15,114.53,420.46,64.49,0.418,0.574,SYNTHETIC_PROTOTYPE_CALIBRATED_TO_PUBLIC_MARKET_FACTOR_RANGES
2025-07-16,102.89,404.48,57.05,0.525,0.587,SYNTHETIC_PROTOTYPE_CALIBRATED_TO_PUBLIC_MARKET_FACTOR_RANGES
2025-07-17,114.52,435.0,68.44,0.426,0.525,SYNTHETIC_PROTOTYPE_CALIBRATED_TO_PUBLIC_MARKET_FACTOR_RANGES
2025-07-18,110.44,415.31,61.43,0.556,0.529,SYNTHETIC_PROTOTYPE_CALIBRATED_TO_PUBLIC_MARKET_FACTOR_RANGES
2025-07-19,120.76,439.56,64.15,0.493,0.565,SYNTHETIC_PROTOTYPE_CALIBRATED_TO_PUBLIC_MARKET_FACTOR_RANGES
2025-07-20,102.32,420.63,58.36,0.4,0.594,SYNTHETIC_PROTOTYPE_CALIBRATED_TO_PUBLIC_MARKET_FACTOR_RANGES
2025-07-21,106.29,416.57,61.52,0.696,0.511,SYNTHETIC_PROTOTYPE_CALIBRATED_TO_PUBLIC_MARKET_FACTOR_RANGES
2025-07-22,114.77,422.25,62.52,0.514,0.55,SYNTHETIC_PROTOTYPE_CALIBRATED_TO_PUBLIC_MARKET_FACTOR_RANGES
2025-07-23,110.7,433.82,63.38,0.426,0.549,SYNTHETIC_PROTOTYPE_CALIBRATED_TO_PUBLIC_MARKET_FACTOR_RANGES
2025-07-24,100.22,422.42,65.13,0.629,0.575,SYNTHETIC_PROTOTYPE_CALIBRATED_TO_PUBLIC_MARKET_FACTOR_RANGES
2025-07-25,103.77,419.7,68.76,0.499,0.559,SYNTHETIC_PROTOTYPE_CALIBRATED_TO_PUBLIC_MARKET_FACTOR_RANGES
2025-07-26,101.61,423.87,65.73,0.644,0.537,SYNTHETIC_PROTOTYPE_CALIBRATED_TO_PUBLIC_MARKET_FACTOR_RANGES
2025-07-27,101.97,411.67,66.45,0.411,0.672,SYNTHETIC_PROTOTYPE_CALIBRATED_TO_PUBLIC_MARKET_FACTOR_RANGES
2025-07-28,96.04,432.46,68.18,0.426,0.601,SYNTHETIC_PROTOTYPE_CALIBRATED_TO_PUBLIC_MARKET_FACTOR_RANGES
2025-07-29,98.06,407.08,64.48,0.496,0.611,SYNTHETIC_PROTOTYPE_CALIBRATED_TO_PUBLIC_MARKET_FACTOR_RANGES
2025-07-30,89.51,424.1,61.86,0.515,0.559,SYNTHETIC_PROTOTYPE_CALIBRATED_TO_PUBLIC_MARKET_FACTOR_RANGES
2025-07-31,97.19,439.51,65.85,0.528,0.595,SYNTHETIC_PROTOTYPE_CALIBRATED_TO_PUBLIC_MARKET_FACTOR_RANGES
2025-08-01,97.79,435.06,65.92,0.458,0.644,SYNTHETIC_PROTOTYPE_CALIBRATED_TO_PUBLIC_MARKET_FACTOR_RANGES
2025-08-02,93.46,439.59,64.04,0.506,0.637,SYNTHETIC_PROTOTYPE_CALIBRATED_TO_PUBLIC_MARKET_FACTOR_RANGES
2025-08-03,85.61,432.86,55.44,0.522,0.649,SYNTHETIC_PROTOTYPE_CALIBRATED_TO_PUBLIC_MARKET_FACTOR_RANGES
2025-08-04,97.74,448.87,57.72,0.477,0.647,SYNTHETIC_PROTOTYPE_CALIBRATED_TO_PUBLIC_MARKET_FACTOR_RANGES
2025-08-05,93.76,447.15,59.81,0.448,0.709,SYNTHETIC_PROTOTYPE_CALIBRATED_TO_PUBLIC_MARKET_FACTOR_RANGES
2025-08-06,87.49,442.68,63.86,0.342,0.596,SYNTHETIC_PROTOTYPE_CALIBRATED_TO_PUBLIC_MARKET_FACTOR_RANGES
2025-08-07,88.93,449.75,60.48,0.504,0.562,SYNTHETIC_PROTOTYPE_CALIBRATED_TO_PUBLIC_MARKET_FACTOR_RANGES
2025-08-08,82.09,448.96,64.95,0.457,0.585,SYNTHETIC_PROTOTYPE_CALIBRATED_TO_PUBLIC_MARKET_FACTOR_RANGES
2025-08-09,83.76,436.03,65.5,0.419,0.6,SYNTHETIC_PROTOTYPE_CALIBRATED_TO_PUBLIC_MARKET_FACTOR_RANGES
2025-08-10,85.54,426.55,64.88,0.552,0.59,SYNTHETIC_PROTOTYPE_CALIBRATED_TO_PUBLIC_MARKET_FACTOR_RANGES
2025-08-11,93.76,449.1,64.75,0.333,0.633,SYNTHETIC_PROTOTYPE_CALIBRATED_TO_PUBLIC_MARKET_FACTOR_RANGES
2025-08-12,83.85,452.0,55.63,0.576,0.68,SYNTHETIC_PROTOTYPE_CALIBRATED_TO_PUBLIC_MARKET_FACTOR_RANGES
2025-08-13,89.72,459.94,61.56,0.44,0.692,SYNTHETIC_PROTOTYPE_CALIBRATED_TO_PUBLIC_MARKET_FACTOR_RANGES
2025-08-14,83.36,437.01,57.05,0.465,0.651,SYNTHETIC_PROTOTYPE_CALIBRATED_TO_PUBLIC_MARKET_FACTOR_RANGES
2025-08-15,86.86,438.76,52.75,0.405,0.718,SYNTHETIC_PROTOTYPE_CALIBRATED_TO_PUBLIC_MARKET_FACTOR_RANGES
2025-08-16,84.54,456.54,58.06,0.3,0.618,SYNTHETIC_PROTOTYPE_CALIBRATED_TO_PUBLIC_MARKET_FACTOR_RANGES
2025-08-17,89.28,451.54,64.37,0.419,0.568,SYNTHETIC_PROTOTYPE_CALIBRATED_TO_PUBLIC_MARKET_FACTOR_RANGES
2025-08-18,81.96,431.11,60.79,0.454,0.676,SYNTHETIC_PROTOTYPE_CALIBRATED_TO_PUBLIC_MARKET_FACTOR_RANGES
2025-08-19,76.54,459.57,66.89,0.478,0.561,SYNTHETIC_PROTOTYPE_CALIBRATED_TO_PUBLIC_MARKET_FACTOR_RANGES
2025-08-20,77.3,434.13,59.41,0.405,0.606,SYNTHETIC_PROTOTYPE_CALIBRATED_TO_PUBLIC_MARKET_FACTOR_RANGES
2025-08-21,81.41,446.29,68.37,0.242,0.657,SYNTHETIC_PROTOTYPE_CALIBRATED_TO_PUBLIC_MARKET_FACTOR_RANGES
2025-08-22,77.74,475.08,59.18,0.29,0.633,SYNTHETIC_PROTOTYPE_CALIBRATED_TO_PUBLIC_MARKET_FACTOR_RANGES
2025-08-23,85.98,481.95,58.45,0.574,0.631,SYNTHETIC_PROTOTYPE_CALIBRATED_TO_PUBLIC_MARKET_FACTOR_RANGES
2025-08-24,81.6,446.62,53.14,0.319,0.592,SYNTHETIC_PROTOTYPE_CALIBRATED_TO_PUBLIC_MARKET_FACTOR_RANGES
2025-08-25,95.83,458.36,62.59,0.517,0.64,SYNTHETIC_PROTOTYPE_CALIBRATED_TO_PUBLIC_MARKET_FACTOR_RANGES
2025-08-26,75.35,463.87,56.05,0.324,0.681,SYNTHETIC_PROTOTYPE_CALIBRATED_TO_PUBLIC_MARKET_FACTOR_RANGES
2025-08-27,85.17,485.74,55.37,0.38,0.643,SYNTHETIC_PROTOTYPE_CALIBRATED_TO_PUBLIC_MARKET_FACTOR_RANGES
2025-08-28,78.65,459.4,63.0,0.441,0.61,SYNTHETIC_PROTOTYPE_CALIBRATED_TO_PUBLIC_MARKET_FACTOR_RANGES
2025-08-29,82.01,460.48,62.42,0.321,0.594,SYNTHETIC_PROTOTYPE_CALIBRATED_TO_PUBLIC_MARKET_FACTOR_RANGES
2025-08-30,85.39,485.61,62.24,0.51,0.612,SYNTHETIC_PROTOTYPE_CALIBRATED_TO_PUBLIC_MARKET_FACTOR_RANGES
2025-08-31,73.29,463.3,56.18,0.385,0.662,SYNTHETIC_PROTOTYPE_CALIBRATED_TO_PUBLIC_MARKET_FACTOR_RANGES
2025-09-01,86.37,477.16,57.36,0.412,0.661,SYNTHETIC_PROTOTYPE_CALIBRATED_TO_PUBLIC_MARKET_FACTOR_RANGES
2025-09-02,94.98,451.4,57.25,0.349,0.616,SYNTHETIC_PROTOTYPE_CALIBRATED_TO_PUBLIC_MARKET_FACTOR_RANGES
2025-09-03,83.5,467.64,60.56,0.419,0.56,SYNTHETIC_PROTOTYPE_CALIBRATED_TO_PUBLIC_MARKET_FACTOR_RANGES
2025-09-04,87.38,450.28,63.58,0.489,0.667,SYNTHETIC_PROTOTYPE_CALIBRATED_TO_PUBLIC_MARKET_FACTOR_RANGES
2025-09-05,91.54,457.96,58.79,0.348,0.615,SYNTHETIC_PROTOTYPE_CALIBRATED_TO_PUBLIC_MARKET_FACTOR_RANGES
2025-09-06,85.93,481.05,65.16,0.493,0.68,SYNTHETIC_PROTOTYPE_CALIBRATED_TO_PUBLIC_MARKET_FACTOR_RANGES
2025-09-07,84.19,470.67,60.81,0.301,0.623,SYNTHETIC_PROTOTYPE_CALIBRATED_TO_PUBLIC_MARKET_FACTOR_RANGES
2025-09-08,76.06,467.66,56.24,0.407,0.615,SYNTHETIC_PROTOTYPE_CALIBRATED_TO_PUBLIC_MARKET_FACTOR_RANGES
2025-09-09,90.99,462.65,60.45,0.381,0.662,SYNTHETIC_PROTOTYPE_CALIBRATED_TO_PUBLIC_MARKET_FACTOR_RANGES
2025-09-10,87.56,469.06,63.93,0.252,0.751,SYNTHETIC_PROTOTYPE_CALIBRATED_TO_PUBLIC_MARKET_FACTOR_RANGES
2025-09-11,83.39,475.32,65.07,0.35,0.688,SYNTHETIC_PROTOTYPE_CALIBRATED_TO_PUBLIC_MARKET_FACTOR_RANGES
2025-09-12,89.41,483.44,61.8,0.33,0.664,SYNTHETIC_PROTOTYPE_CALIBRATED_TO_PUBLIC_MARKET_FACTOR_RANGES
2025-09-13,86.17,440.01,57.14,0.257,0.675,SYNTHETIC_PROTOTYPE_CALIBRATED_TO_PUBLIC_MARKET_FACTOR_RANGES
2025-09-14,86.74,461.33,56.15,0.35,0.591,SYNTHETIC_PROTOTYPE_CALIBRATED_TO_PUBLIC_MARKET_FACTOR_RANGES
2025-09-15,92.68,472.95,59.31,0.329,0.618,SYNTHETIC_PROTOTYPE_CALIBRATED_TO_PUBLIC_MARKET_FACTOR_RANGES
2025-09-16,83.21,469.53,63.7,0.307,0.563,SYNTHETIC_PROTOTYPE_CALIBRATED_TO_PUBLIC_MARKET_FACTOR_RANGES
2025-09-17,95.36,475.16,58.74,0.303,0.734,SYNTHETIC_PROTOTYPE_CALIBRATED_TO_PUBLIC_MARKET_FACTOR_RANGES
2025-09-18,83.33,473.08,58.82,0.298,0.727,SYNTHETIC_PROTOTYPE_CALIBRATED_TO_PUBLIC_MARKET_FACTOR_RANGES
2025-09-19,87.17,465.71,57.22,0.272,0.683,SYNTHETIC_PROTOTYPE_CALIBRATED_TO_PUBLIC_MARKET_FACTOR_RANGES
2025-09-20,100.23,462.48,55.71,0.309,0.674,SYNTHETIC_PROTOTYPE_CALIBRATED_TO_PUBLIC_MARKET_FACTOR_RANGES
2025-09-21,96.35,465.24,56.39,0.242,0.608,SYNTHETIC_PROTOTYPE_CALIBRATED_TO_PUBLIC_MARKET_FACTOR_RANGES
2025-09-22,91.26,481.31,57.6,0.503,0.663,SYNTHETIC_PROTOTYPE_CALIBRATED_TO_PUBLIC_MARKET_FACTOR_RANGES
2025-09-23,86.1,458.04,63.95,0.174,0.744,SYNTHETIC_PROTOTYPE_CALIBRATED_TO_PUBLIC_MARKET_FACTOR_RANGES
2025-09-24,88.13,465.32,56.15,0.236,0.679,SYNTHETIC_PROTOTYPE_CALIBRATED_TO_PUBLIC_MARKET_FACTOR_RANGES
2025-09-25,91.09,467.49,57.35,0.239,0.653,SYNTHETIC_PROTOTYPE_CALIBRATED_TO_PUBLIC_MARKET_FACTOR_RANGES
2025-09-26,90.81,483.19,53.72,0.439,0.606,SYNTHETIC_PROTOTYPE_CALIBRATED_TO_PUBLIC_MARKET_FACTOR_RANGES
2025-09-27,90.02,460.01,60.09,0.167,0.733,SYNTHETIC_PROTOTYPE_CALIBRATED_TO_PUBLIC_MARKET_FACTOR_RANGES
2025-09-28,90.14,474.24,62.74,0.304,0.676,SYNTHETIC_PROTOTYPE_CALIBRATED_TO_PUBLIC_MARKET_FACTOR_RANGES
2025-09-29,88.99,476.62,63.82,0.287,0.61,SYNTHETIC_PROTOTYPE_CALIBRATED_TO_PUBLIC_MARKET_FACTOR_RANGES
2025-09-30,82.57,460.16,58.19,0.29,0.645,SYNTHETIC_PROTOTYPE_CALIBRATED_TO_PUBLIC_MARKET_FACTOR_RANGES
2025-10-01,86.88,457.47,59.73,0.36,0.632,SYNTHETIC_PROTOTYPE_CALIBRATED_TO_PUBLIC_MARKET_FACTOR_RANGES
2025-10-02,93.67,455.11,56.89,0.355,0.679,SYNTHETIC_PROTOTYPE_CALIBRATED_TO_PUBLIC_MARKET_FACTOR_RANGES
2025-10-03,81.85,455.05,59.68,0.219,0.694,SYNTHETIC_PROTOTYPE_CALIBRATED_TO_PUBLIC_MARKET_FACTOR_RANGES
2025-10-04,87.3,467.42,58.9,0.268,0.667,SYNTHETIC_PROTOTYPE_CALIBRATED_TO_PUBLIC_MARKET_FACTOR_RANGES
2025-10-05,83.65,459.01,57.95,0.101,0.72,SYNTHETIC_PROTOTYPE_CALIBRATED_TO_PUBLIC_MARKET_FACTOR_RANGES
2025-10-06,87.78,458.13,58.35,0.256,0.693,SYNTHETIC_PROTOTYPE_CALIBRATED_TO_PUBLIC_MARKET_FACTOR_RANGES
2025-10-07,84.71,440.9,59.69,0.183,0.734,SYNTHETIC_PROTOTYPE_CALIBRATED_TO_PUBLIC_MARKET_FACTOR_RANGES
2025-10-08,93.43,441.9,56.8,0.229,0.678,SYNTHETIC_PROTOTYPE_CALIBRATED_TO_PUBLIC_MARKET_FACTOR_RANGES
2025-10-09,87.93,478.36,57.1,0.107,0.816,SYNTHETIC_PROTOTYPE_CALIBRATED_TO_PUBLIC_MARKET_FACTOR_RANGES
2025-10-10,78.17,449.67,64.99,0.273,0.673,SYNTHETIC_PROTOTYPE_CALIBRATED_TO_PUBLIC_MARKET_FACTOR_RANGES
2025-10-11,87.37,441.7,69.11,0.103,0.661,SYNTHETIC_PROTOTYPE_CALIBRATED_TO_PUBLIC_MARKET_FACTOR_RANGES
2025-10-12,79.41,467.4,53.56,0.249,0.657,SYNTHETIC_PROTOTYPE_CALIBRATED_TO_PUBLIC_MARKET_FACTOR_RANGES
2025-10-13,79.64,452.88,53.44,0.138,0.691,SYNTHETIC_PROTOTYPE_CALIBRATED_TO_PUBLIC_MARKET_FACTOR_RANGES
2025-10-14,83.31,455.76,54.77,0.167,0.632,SYNTHETIC_PROTOTYPE_CALIBRATED_TO_PUBLIC_MARKET_FACTOR_RANGES
2025-10-15,78.47,446.54,58.3,0.326,0.714,SYNTHETIC_PROTOTYPE_CALIBRATED_TO_PUBLIC_MARKET_FACTOR_RANGES
2025-10-16,84.57,443.81,62.42,0.28,0.628,SYNTHETIC_PROTOTYPE_CALIBRATED_TO_PUBLIC_MARKET_FACTOR_RANGES
2025-10-17,75.4,445.08,61.33,0.324,0.712,SYNTHETIC_PROTOTYPE_CALIBRATED_TO_PUBLIC_MARKET_FACTOR_RANGES
2025-10-18,75.33,430.08,59.78,0.356,0.652,SYNTHETIC_PROTOTYPE_CALIBRATED_TO_PUBLIC_MARKET_FACTOR_RANGES
2025-10-19,74.29,445.24,61.34,0.169,0.693,SYNTHETIC_PROTOTYPE_CALIBRATED_TO_PUBLIC_MARKET_FACTOR_RANGES
2025-10-20,73.88,449.55,56.59,0.35,0.733,SYNTHETIC_PROTOTYPE_CALIBRATED_TO_PUBLIC_MARKET_FACTOR_RANGES
2025-10-21,81.35,467.97,58.53,0.113,0.803,SYNTHETIC_PROTOTYPE_CALIBRATED_TO_PUBLIC_MARKET_FACTOR_RANGES
2025-10-22,78.14,446.65,59.57,0.29,0.669,SYNTHETIC_PROTOTYPE_CALIBRATED_TO_PUBLIC_MARKET_FACTOR_RANGES
2025-10-23,82.69,417.54,53.46,0.191,0.707,SYNTHETIC_PROTOTYPE_CALIBRATED_TO_PUBLIC_MARKET_FACTOR_RANGES
2025-10-24,84.64,444.44,55.3,0.156,0.686,SYNTHETIC_PROTOTYPE_CALIBRATED_TO_PUBLIC_MARKET_FACTOR_RANGES
2025-10-25,67.32,478.55,55.62,0.28,0.681,SYNTHETIC_PROTOTYPE_CALIBRATED_TO_PUBLIC_MARKET_FACTOR_RANGES
2025-10-26,72.01,456.27,63.32,0.307,0.689,SYNTHETIC_PROTOTYPE_CALIBRATED_TO_PUBLIC_MARKET_FACTOR_RANGES
2025-10-27,64.98,436.43,61.4,0.305,0.752,SYNTHETIC_PROTOTYPE_CALIBRATED_TO_PUBLIC_MARKET_FACTOR_RANGES
2025-10-28,66.2,453.65,63.03,0.25,0.701,SYNTHETIC_PROTOTYPE_CALIBRATED_TO_PUBLIC_MARKET_FACTOR_RANGES
2025-10-29,66.19,438.13,53.4,0.244,0.811,SYNTHETIC_PROTOTYPE_CALIBRATED_TO_PUBLIC_MARKET_FACTOR_RANGES
2025-10-30,63.34,431.38,55.0,0.277,0.739,SYNTHETIC_PROTOTYPE_CALIBRATED_TO_PUBLIC_MARKET_FACTOR_RANGES
2025-10-31,62.68,444.13,63.76,0.26,0.684,SYNTHETIC_PROTOTYPE_CALIBRATED_TO_PUBLIC_MARKET_FACTOR_RANGES
2025-11-01,66.57,450.2,50.17,0.281,0.711,SYNTHETIC_PROTOTYPE_CALIBRATED_TO_PUBLIC_MARKET_FACTOR_RANGES
2025-11-02,60.6,427.53,66.37,0.255,0.695,SYNTHETIC_PROTOTYPE_CALIBRATED_TO_PUBLIC_MARKET_FACTOR_RANGES
2025-11-03,70.32,437.2,54.36,0.308,0.76,SYNTHETIC_PROTOTYPE_CALIBRATED_TO_PUBLIC_MARKET_FACTOR_RANGES
2025-11-04,60.99,452.22,65.21,0.112,0.664,SYNTHETIC_PROTOTYPE_CALIBRATED_TO_PUBLIC_MARKET_FACTOR_RANGES
2025-11-05,79.15,448.4,58.48,0.234,0.677,SYNTHETIC_PROTOTYPE_CALIBRATED_TO_PUBLIC_MARKET_FACTOR_RANGES
2025-11-06,62.4,459.35,66.42,0.135,0.708,SYNTHETIC_PROTOTYPE_CALIBRATED_TO_PUBLIC_MARKET_FACTOR_RANGES
2025-11-07,64.63,441.46,75.26,0.27,0.76,SYNTHETIC_PROTOTYPE_CALIBRATED_TO_PUBLIC_MARKET_FACTOR_RANGES
2025-11-08,57.46,466.13,53.53,0.382,0.784,SYNTHETIC_PROTOTYPE_CALIBRATED_TO_PUBLIC_MARKET_FACTOR_RANGES
2025-11-09,72.18,444.98,65.61,0.215,0.791,SYNTHETIC_PROTOTYPE_CALIBRATED_TO_PUBLIC_MARKET_FACTOR_RANGES
2025-11-10,69.01,480.62,55.8,0.266,0.758,SYNTHETIC_PROTOTYPE_CALIBRATED_TO_PUBLIC_MARKET_FACTOR_RANGES
2025-11-11,64.72,442.15,64.95,0.319,0.735,SYNTHETIC_PROTOTYPE_CALIBRATED_TO_PUBLIC_MARKET_FACTOR_RANGES
2025-11-12,56.37,451.56,62.62,0.095,0.771,SYNTHETIC_PROTOTYPE_CALIBRATED_TO_PUBLIC_MARKET_FACTOR_RANGES
2025-11-13,64.09,471.7,64.18,0.222,0.695,SYNTHETIC_PROTOTYPE_CALIBRATED_TO_PUBLIC_MARKET_FACTOR_RANGES
2025-11-14,57.41,488.79,60.23,0.296,0.668,SYNTHETIC_PROTOTYPE_CALIBRATED_TO_PUBLIC_MARKET_FACTOR_RANGES
2025-11-15,70.37,474.82,67.22,0.038,0.76,SYNTHETIC_PROTOTYPE_CALIBRATED_TO_PUBLIC_MARKET_FACTOR_RANGES
2025-11-16,67.2,480.1,58.53,0.195,0.704,SYNTHETIC_PROTOTYPE_CALIBRATED_TO_PUBLIC_MARKET_FACTOR_RANGES
2025-11-17,63.78,475.95,69.51,0.364,0.742,SYNTHETIC_PROTOTYPE_CALIBRATED_TO_PUBLIC_MARKET_FACTOR_RANGES
2025-11-18,51.32,465.9,63.13,0.36,0.751,SYNTHETIC_PROTOTYPE_CALIBRATED_TO_PUBLIC_MARKET_FACTOR_RANGES
2025-11-19,58.84,474.9,59.38,0.313,0.757,SYNTHETIC_PROTOTYPE_CALIBRATED_TO_PUBLIC_MARKET_FACTOR_RANGES
2025-11-20,67.5,468.87,71.6,0.357,0.786,SYNTHETIC_PROTOTYPE_CALIBRATED_TO_PUBLIC_MARKET_FACTOR_RANGES
2025-11-21,70.49,470.79,65.19,0.307,0.783,SYNTHETIC_PROTOTYPE_CALIBRATED_TO_PUBLIC_MARKET_FACTOR_RANGES
2025-11-22,70.38,493.74,73.32,0.338,0.758,SYNTHETIC_PROTOTYPE_CALIBRATED_TO_PUBLIC_MARKET_FACTOR_RANGES
2025-11-23,57.32,478.29,70.81,0.272,0.734,SYNTHETIC_PROTOTYPE_CALIBRATED_TO_PUBLIC_MARKET_FACTOR_RANGES
2025-11-24,67.29,498.51,62.97,0.31,0.757,SYNTHETIC_PROTOTYPE_CALIBRATED_TO_PUBLIC_MARKET_FACTOR_RANGES
2025-11-25,71.4,482.03,66.06,0.254,0.73,SYNTHETIC_PROTOTYPE_CALIBRATED_TO_PUBLIC_MARKET_FACTOR_RANGES
2025-11-26,58.61,504.23,67.12,0.41,0.747,SYNTHETIC_PROTOTYPE_CALIBRATED_TO_PUBLIC_MARKET_FACTOR_RANGES
2025-11-27,67.48,497.88,72.99,0.435,0.86,SYNTHETIC_PROTOTYPE_CALIBRATED_TO_PUBLIC_MARKET_FACTOR_RANGES
2025-11-28,69.54,523.74,68.87,0.427,0.764,SYNTHETIC_PROTOTYPE_CALIBRATED_TO_PUBLIC_MARKET_FACTOR_RANGES
2025-11-29,67.35,513.9,68.07,0.288,0.776,SYNTHETIC_PROTOTYPE_CALIBRATED_TO_PUBLIC_MARKET_FACTOR_RANGES
2025-11-30,60.31,528.03,66.81,0.249,0.73,SYNTHETIC_PROTOTYPE_CALIBRATED_TO_PUBLIC_MARKET_FACTOR_RANGES
2025-12-01,68.69,507.35,67.66,0.431,0.8,SYNTHETIC_PROTOTYPE_CALIBRATED_TO_PUBLIC_MARKET_FACTOR_RANGES
2025-12-02,69.44,520.33,73.33,0.377,0.791,SYNTHETIC_PROTOTYPE_CALIBRATED_TO_PUBLIC_MARKET_FACTOR_RANGES
2025-12-03,71.12,511.15,68.37,0.364,0.792,SYNTHETIC_PROTOTYPE_CALIBRATED_TO_PUBLIC_MARKET_FACTOR_RANGES
2025-12-04,69.84,521.23,67.03,0.291,0.771,SYNTHETIC_PROTOTYPE_CALIBRATED_TO_PUBLIC_MARKET_FACTOR_RANGES
2025-12-05,71.26,526.32,66.6,0.38,0.804,SYNTHETIC_PROTOTYPE_CALIBRATED_TO_PUBLIC_MARKET_FACTOR_RANGES
2025-12-06,74.1,524.04,66.9,0.263,0.815,SYNTHETIC_PROTOTYPE_CALIBRATED_TO_PUBLIC_MARKET_FACTOR_RANGES
2025-12-07,77.34,521.44,63.76,0.405,0.776,SYNTHETIC_PROTOTYPE_CALIBRATED_TO_PUBLIC_MARKET_FACTOR_RANGES
2025-12-08,74.44,522.33,66.62,0.469,0.761,SYNTHETIC_PROTOTYPE_CALIBRATED_TO_PUBLIC_MARKET_FACTOR_RANGES
2025-12-09,74.74,514.46,75.87,0.493,0.802,SYNTHETIC_PROTOTYPE_CALIBRATED_TO_PUBLIC_MARKET_FACTOR_RANGES
2025-12-10,78.08,533.09,69.31,0.423,0.731,SYNTHETIC_PROTOTYPE_CALIBRATED_TO_PUBLIC_MARKET_FACTOR_RANGES
2025-12-11,68.83,556.51,73.21,0.26,0.739,SYNTHETIC_PROTOTYPE_CALIBRATED_TO_PUBLIC_MARKET_FACTOR_RANGES
2025-12-12,81.63,532.97,60.73,0.391,0.766,SYNTHETIC_PROTOTYPE_CALIBRATED_TO_PUBLIC_MARKET_FACTOR_RANGES
2025-12-13,80.03,538.87,73.18,0.55,0.7,SYNTHETIC_PROTOTYPE_CALIBRATED_TO_PUBLIC_MARKET_FACTOR_RANGES
2025-12-14,81.01,579.88,70.52,0.314,0.803,SYNTHETIC_PROTOTYPE_CALIBRATED_TO_PUBLIC_MARKET_FACTOR_RANGES
2025-12-15,86.37,553.8,69.49,0.382,0.732,SYNTHETIC_PROTOTYPE_CALIBRATED_TO_PUBLIC_MARKET_FACTOR_RANGES
2025-12-16,72.54,568.3,72.4,0.504,0.752,SYNTHETIC_PROTOTYPE_CALIBRATED_TO_PUBLIC_MARKET_FACTOR_RANGES
2025-12-17,73.14,575.1,69.95,0.444,0.763,SYNTHETIC_PROTOTYPE_CALIBRATED_TO_PUBLIC_MARKET_FACTOR_RANGES
2025-12-18,85.06,578.22,63.7,0.597,0.774,SYNTHETIC_PROTOTYPE_CALIBRATED_TO_PUBLIC_MARKET_FACTOR_RANGES
2025-12-19,84.31,554.82,76.14,0.344,0.759,SYNTHETIC_PROTOTYPE_CALIBRATED_TO_PUBLIC_MARKET_FACTOR_RANGES
2025-12-20,85.81,573.07,73.68,0.327,0.771,SYNTHETIC_PROTOTYPE_CALIBRATED_TO_PUBLIC_MARKET_FACTOR_RANGES
2025-12-21,83.23,559.1,71.71,0.508,0.772,SYNTHETIC_PROTOTYPE_CALIBRATED_TO_PUBLIC_MARKET_FACTOR_RANGES
2025-12-22,89.41,610.47,69.36,0.318,0.757,SYNTHETIC_PROTOTYPE_CALIBRATED_TO_PUBLIC_MARKET_FACTOR_RANGES
2025-12-23,91.26,564.49,67.6,0.401,0.744,SYNTHETIC_PROTOTYPE_CALIBRATED_TO_PUBLIC_MARKET_FACTOR_RANGES
2025-12-24,89.48,573.49,74.63,0.415,0.819,SYNTHETIC_PROTOTYPE_CALIBRATED_TO_PUBLIC_MARKET_FACTOR_RANGES
2025-12-25,86.18,575.92,80.45,0.507,0.692,SYNTHETIC_PROTOTYPE_CALIBRATED_TO_PUBLIC_MARKET_FACTOR_RANGES
2025-12-26,77.33,572.7,75.06,0.476,0.768,SYNTHETIC_PROTOTYPE_CALIBRATED_TO_PUBLIC_MARKET_FACTOR_RANGES
2025-12-27,92.06,609.04,68.97,0.467,0.758,SYNTHETIC_PROTOTYPE_CALIBRATED_TO_PUBLIC_MARKET_FACTOR_RANGES
2025-12-28,94.61,623.94,75.66,0.401,0.794,SYNTHETIC_PROTOTYPE_CALIBRATED_TO_PUBLIC_MARKET_FACTOR_RANGES
2025-12-29,91.98,591.12,74.8,0.534,0.719,SYNTHETIC_PROTOTYPE_CALIBRATED_TO_PUBLIC_MARKET_FACTOR_RANGES
2025-12-30,84.57,582.84,78.72,0.761,0.758,SYNTHETIC_PROTOTYPE_CALIBRATED_TO_PUBLIC_MARKET_FACTOR_RANGES
2025-12-31,92.5,573.59,77.94,0.497,0.774,SYNTHETIC_PROTOTYPE_CALIBRATED_TO_PUBLIC_MARKET_FACTOR_RANGES
2026-01-01,93.56,599.14,63.82,0.453,0.821,SYNTHETIC_PROTOTYPE_CALIBRATED_TO_PUBLIC_MARKET_FACTOR_RANGES
2026-01-02,97.13,599.81,78.2,0.343,0.792,SYNTHETIC_PROTOTYPE_CALIBRATED_TO_PUBLIC_MARKET_FACTOR_RANGES
2026-01-03,84.99,597.22,72.25,0.398,0.732,SYNTHETIC_PROTOTYPE_CALIBRATED_TO_PUBLIC_MARKET_FACTOR_RANGES
2026-01-04,88.24,609.01,70.82,0.435,0.76,SYNTHETIC_PROTOTYPE_CALIBRATED_TO_PUBLIC_MARKET_FACTOR_RANGES
2026-01-05,93.06,612.3,76.0,0.411,0.815,SYNTHETIC_PROTOTYPE_CALIBRATED_TO_PUBLIC_MARKET_FACTOR_RANGES
2026-01-06,89.53,612.53,78.64,0.455,0.731,SYNTHETIC_PROTOTYPE_CALIBRATED_TO_PUBLIC_MARKET_FACTOR_RANGES
2026-01-07,83.54,605.84,70.68,0.6,0.776,SYNTHETIC_PROTOTYPE_CALIBRATED_TO_PUBLIC_MARKET_FACTOR_RANGES
2026-01-08,91.05,597.28,80.3,0.559,0.779,SYNTHETIC_PROTOTYPE_CALIBRATED_TO_PUBLIC_MARKET_FACTOR_RANGES
2026-01-09,91.69,619.25,80.77,0.449,0.764,SYNTHETIC_PROTOTYPE_CALIBRATED_TO_PUBLIC_MARKET_FACTOR_RANGES
2026-01-10,89.02,612.06,78.15,0.366,0.888,SYNTHETIC_PROTOTYPE_CALIBRATED_TO_PUBLIC_MARKET_FACTOR_RANGES
2026-01-11,89.44,623.11,74.72,0.571,0.763,SYNTHETIC_PROTOTYPE_CALIBRATED_TO_PUBLIC_MARKET_FACTOR_RANGES
2026-01-12,86.78,622.36,74.51,0.461,0.798,SYNTHETIC_PROTOTYPE_CALIBRATED_TO_PUBLIC_MARKET_FACTOR_RANGES
2026-01-13,95.18,596.14,82.77,0.328,0.749,SYNTHETIC_PROTOTYPE_CALIBRATED_TO_PUBLIC_MARKET_FACTOR_RANGES
2026-01-14,82.98,596.2,72.85,0.524,0.801,SYNTHETIC_PROTOTYPE_CALIBRATED_TO_PUBLIC_MARKET_FACTOR_RANGES
2026-01-15,84.22,604.46,83.38,0.55,0.815,SYNTHETIC_PROTOTYPE_CALIBRATED_TO_PUBLIC_MARKET_FACTOR_RANGES
2026-01-16,86.87,600.86,78.69,0.275,0.756,SYNTHETIC_PROTOTYPE_CALIBRATED_TO_PUBLIC_MARKET_FACTOR_RANGES
2026-01-17,90.87,622.51,79.19,0.403,0.778,SYNTHETIC_PROTOTYPE_CALIBRATED_TO_PUBLIC_MARKET_FACTOR_RANGES
2026-01-18,78.63,617.48,72.96,0.461,0.744,SYNTHETIC_PROTOTYPE_CALIBRATED_TO_PUBLIC_MARKET_FACTOR_RANGES
2026-01-19,79.21,626.17,79.42,0.529,0.734,SYNTHETIC_PROTOTYPE_CALIBRATED_TO_PUBLIC_MARKET_FACTOR_RANGES
2026-01-20,75.21,617.37,82.68,0.429,0.821,SYNTHETIC_PROTOTYPE_CALIBRATED_TO_PUBLIC_MARKET_FACTOR_RANGES
2026-01-21,85.21,614.66,75.1,0.403,0.757,SYNTHETIC_PROTOTYPE_CALIBRATED_TO_PUBLIC_MARKET_FACTOR_RANGES
2026-01-22,79.1,626.01,82.65,0.528,0.682,SYNTHETIC_PROTOTYPE_CALIBRATED_TO_PUBLIC_MARKET_FACTOR_RANGES
2026-01-23,82.43,616.62,81.22,0.432,0.849,SYNTHETIC_PROTOTYPE_CALIBRATED_TO_PUBLIC_MARKET_FACTOR_RANGES
2026-01-24,87.33,611.1,78.5,0.512,0.746,SYNTHETIC_PROTOTYPE_CALIBRATED_TO_PUBLIC_MARKET_FACTOR_RANGES
2026-01-25,80.51,627.28,84.69,0.379,0.768,SYNTHETIC_PROTOTYPE_CALIBRATED_TO_PUBLIC_MARKET_FACTOR_RANGES
2026-01-26,84.58,610.05,72.67,0.359,0.844,SYNTHETIC_PROTOTYPE_CALIBRATED_TO_PUBLIC_MARKET_FACTOR_RANGES
2026-01-27,81.66,604.1,83.06,0.527,0.772,SYNTHETIC_PROTOTYPE_CALIBRATED_TO_PUBLIC_MARKET_FACTOR_RANGES
2026-01-28,86.27,596.73,88.35,0.486,0.771,SYNTHETIC_PROTOTYPE_CALIBRATED_TO_PUBLIC_MARKET_FACTOR_RANGES
2026-01-29,85.06,614.2,87.82,0.538,0.728,SYNTHETIC_PROTOTYPE_CALIBRATED_TO_PUBLIC_MARKET_FACTOR_RANGES
2026-01-30,79.04,619.53,83.81,0.42,0.711,SYNTHETIC_PROTOTYPE_CALIBRATED_TO_PUBLIC_MARKET_FACTOR_RANGES
2026-01-31,81.5,602.95,81.23,0.398,0.769,SYNTHETIC_PROTOTYPE_CALIBRATED_TO_PUBLIC_MARKET_FACTOR_RANGES
2026-02-01,87.45,618.08,80.08,0.568,0.79,SYNTHETIC_PROTOTYPE_CALIBRATED_TO_PUBLIC_MARKET_FACTOR_RANGES
2026-02-02,84.12,577.54,81.59,0.336,0.787,SYNTHETIC_PROTOTYPE_CALIBRATED_TO_PUBLIC_MARKET_FACTOR_RANGES
2026-02-03,75.12,599.28,85.16,0.556,0.755,SYNTHETIC_PROTOTYPE_CALIBRATED_TO_PUBLIC_MARKET_FACTOR_RANGES
2026-02-04,85.39,598.2,79.93,0.56,0.775,SYNTHETIC_PROTOTYPE_CALIBRATED_TO_PUBLIC_MARKET_FACTOR_RANGES
2026-02-05,76.73,588.66,86.36,0.521,0.7,SYNTHETIC_PROTOTYPE_CALIBRATED_TO_PUBLIC_MARKET_FACTOR_RANGES
2026-02-06,89.3,624.69,92.03,0.394,0.791,SYNTHETIC_PROTOTYPE_CALIBRATED_TO_PUBLIC_MARKET_FACTOR_RANGES
2026-02-07,87.5,593.96,83.41,0.382,0.779,SYNTHETIC_PROTOTYPE_CALIBRATED_TO_PUBLIC_MARKET_FACTOR_RANGES
2026-02-08,84.01,588.53,78.44,0.428,0.851,SYNTHETIC_PROTOTYPE_CALIBRATED_TO_PUBLIC_MARKET_FACTOR_RANGES
2026-02-09,83.58,592.4,78.6,0.338,0.772,SYNTHETIC_PROTOTYPE_CALIBRATED_TO_PUBLIC_MARKET_FACTOR_RANGES
2026-02-10,82.03,566.72,87.24,0.362,0.733,SYNTHETIC_PROTOTYPE_CALIBRATED_TO_PUBLIC_MARKET_FACTOR_RANGES
2026-02-11,86.79,580.31,84.04,0.488,0.768,SYNTHETIC_PROTOTYPE_CALIBRATED_TO_PUBLIC_MARKET_FACTOR_RANGES
2026-02-12,81.92,599.91,87.93,0.485,0.756,SYNTHETIC_PROTOTYPE_CALIBRATED_TO_PUBLIC_MARKET_FACTOR_RANGES
2026-02-13,85.38,579.26,82.43,0.346,0.786,SYNTHETIC_PROTOTYPE_CALIBRATED_TO_PUBLIC_MARKET_FACTOR_RANGES
2026-02-14,89.04,575.58,88.03,0.481,0.769,SYNTHETIC_PROTOTYPE_CALIBRATED_TO_PUBLIC_MARKET_FACTOR_RANGES
2026-02-15,82.39,599.98,84.21,0.46,0.717,SYNTHETIC_PROTOTYPE_CALIBRATED_TO_PUBLIC_MARKET_FACTOR_RANGES
2026-02-16,82.69,599.11,82.04,0.541,0.701,SYNTHETIC_PROTOTYPE_CALIBRATED_TO_PUBLIC_MARKET_FACTOR_RANGES
2026-02-17,80.42,588.03,83.5,0.463,0.776,SYNTHETIC_PROTOTYPE_CALIBRATED_TO_PUBLIC_MARKET_FACTOR_RANGES
2026-02-18,81.73,575.2,80.44,0.498,0.82,SYNTHETIC_PROTOTYPE_CALIBRATED_TO_PUBLIC_MARKET_FACTOR_RANGES
2026-02-19,78.62,576.66,93.3,0.448,0.767,SYNTHETIC_PROTOTYPE_CALIBRATED_TO_PUBLIC_MARKET_FACTOR_RANGES
2026-02-20,92.15,568.8,85.08,0.485,0.796,SYNTHETIC_PROTOTYPE_CALIBRATED_TO_PUBLIC_MARKET_FACTOR_RANGES
2026-02-21,98.34,565.47,88.15,0.3,0.803,SYNTHETIC_PROTOTYPE_CALIBRATED_TO_PUBLIC_MARKET_FACTOR_RANGES
2026-02-22,97.24,563.89,83.53,0.389,0.772,SYNTHETIC_PROTOTYPE_CALIBRATED_TO_PUBLIC_MARKET_FACTOR_RANGES
2026-02-23,82.85,568.07,81.58,0.392,0.728,SYNTHETIC_PROTOTYPE_CALIBRATED_TO_PUBLIC_MARKET_FACTOR_RANGES
2026-02-24,95.5,562.19,84.95,0.372,0.767,SYNTHETIC_PROTOTYPE_CALIBRATED_TO_PUBLIC_MARKET_FACTOR_RANGES
2026-02-25,99.91,555.02,90.38,0.423,0.807,SYNTHETIC_PROTOTYPE_CALIBRATED_TO_PUBLIC_MARKET_FACTOR_RANGES
2026-02-26,91.46,575.65,83.99,0.434,0.779,SYNTHETIC_PROTOTYPE_CALIBRATED_TO_PUBLIC_MARKET_FACTOR_RANGES
2026-02-27,95.23,575.14,82.68,0.41,0.787,SYNTHETIC_PROTOTYPE_CALIBRATED_TO_PUBLIC_MARKET_FACTOR_RANGES
2026-02-28,85.68,592.1,86.86,0.361,0.737,SYNTHETIC_PROTOTYPE_CALIBRATED_TO_PUBLIC_MARKET_FACTOR_RANGES
2026-03-01,98.07,563.1,88.32,0.312,0.747,SYNTHETIC_PROTOTYPE_CALIBRATED_TO_PUBLIC_MARKET_FACTOR_RANGES
2026-03-02,92.45,574.17,92.97,0.454,0.749,SYNTHETIC_PROTOTYPE_CALIBRATED_TO_PUBLIC_MARKET_FACTOR_RANGES
2026-03-03,99.81,573.94,87.88,0.391,0.751,SYNTHETIC_PROTOTYPE_CALIBRATED_TO_PUBLIC_MARKET_FACTOR_RANGES
2026-03-04,92.05,566.77,89.11,0.277,0.798,SYNTHETIC_PROTOTYPE_CALIBRATED_TO_PUBLIC_MARKET_FACTOR_RANGES
2026-03-05,103.63,578.46,89.47,0.339,0.657,SYNTHETIC_PROTOTYPE_CALIBRATED_TO_PUBLIC_MARKET_FACTOR_RANGES
2026-03-06,107.1,578.61,82.04,0.211,0.751,SYNTHETIC_PROTOTYPE_CALIBRATED_TO_PUBLIC_MARKET_FACTOR_RANGES
2026-03-07,99.11,573.08,82.85,0.349,0.745,SYNTHETIC_PROTOTYPE_CALIBRATED_TO_PUBLIC_MARKET_FACTOR_RANGES
2026-03-08,98.39,566.01,82.42,0.326,0.693,SYNTHETIC_PROTOTYPE_CALIBRATED_TO_PUBLIC_MARKET_FACTOR_RANGES
2026-03-09,94.34,564.77,81.47,0.291,0.773,SYNTHETIC_PROTOTYPE_CALIBRATED_TO_PUBLIC_MARKET_FACTOR_RANGES
2026-03-10,104.82,552.71,90.02,0.46,0.716,SYNTHETIC_PROTOTYPE_CALIBRATED_TO_PUBLIC_MARKET_FACTOR_RANGES
2026-03-11,104.25,559.58,88.03,0.237,0.73,SYNTHETIC_PROTOTYPE_CALIBRATED_TO_PUBLIC_MARKET_FACTOR_RANGES
2026-03-12,100.4,561.99,87.22,0.382,0.817,SYNTHETIC_PROTOTYPE_CALIBRATED_TO_PUBLIC_MARKET_FACTOR_RANGES
2026-03-13,111.39,556.23,76.56,0.496,0.782,SYNTHETIC_PROTOTYPE_CALIBRATED_TO_PUBLIC_MARKET_FACTOR_RANGES
2026-03-14,107.82,575.33,95.18,0.403,0.763,SYNTHETIC_PROTOTYPE_CALIBRATED_TO_PUBLIC_MARKET_FACTOR_RANGES
2026-03-15,105.61,584.8,83.39,0.31,0.755,SYNTHETIC_PROTOTYPE_CALIBRATED_TO_PUBLIC_MARKET_FACTOR_RANGES
2026-03-16,109.1,560.0,95.19,0.218,0.732,SYNTHETIC_PROTOTYPE_CALIBRATED_TO_PUBLIC_MARKET_FACTOR_RANGES
2026-03-17,118.08,574.81,81.2,0.196,0.817,SYNTHETIC_PROTOTYPE_CALIBRATED_TO_PUBLIC_MARKET_FACTOR_RANGES
2026-03-18,116.55,559.57,83.75,0.268,0.768,SYNTHETIC_PROTOTYPE_CALIBRATED_TO_PUBLIC_MARKET_FACTOR_RANGES
2026-03-19,113.66,568.94,78.19,0.242,0.704,SYNTHETIC_PROTOTYPE_CALIBRATED_TO_PUBLIC_MARKET_FACTOR_RANGES
2026-03-20,118.13,564.99,88.44,0.236,0.677,SYNTHETIC_PROTOTYPE_CALIBRATED_TO_PUBLIC_MARKET_FACTOR_RANGES
2026-03-21,109.92,581.22,82.58,0.264,0.755,SYNTHETIC_PROTOTYPE_CALIBRATED_TO_PUBLIC_MARKET_FACTOR_RANGES
2026-03-22,116.53,566.62,82.68,0.278,0.728,SYNTHETIC_PROTOTYPE_CALIBRATED_TO_PUBLIC_MARKET_FACTOR_RANGES
2026-03-23,117.7,587.71,81.47,0.322,0.672,SYNTHETIC_PROTOTYPE_CALIBRATED_TO_PUBLIC_MARKET_FACTOR_RANGES
2026-03-24,115.16,573.47,90.04,0.18,0.745,SYNTHETIC_PROTOTYPE_CALIBRATED_TO_PUBLIC_MARKET_FACTOR_RANGES
2026-03-25,120.18,569.5,89.75,0.222,0.716,SYNTHETIC_PROTOTYPE_CALIBRATED_TO_PUBLIC_MARKET_FACTOR_RANGES
2026-03-26,114.55,563.17,94.13,0.26,0.747,SYNTHETIC_PROTOTYPE_CALIBRATED_TO_PUBLIC_MARKET_FACTOR_RANGES
2026-03-27,121.39,582.18,84.1,0.254,0.742,SYNTHETIC_PROTOTYPE_CALIBRATED_TO_PUBLIC_MARKET_FACTOR_RANGES
2026-03-28,121.94,590.84,87.68,0.414,0.699,SYNTHETIC_PROTOTYPE_CALIBRATED_TO_PUBLIC_MARKET_FACTOR_RANGES
2026-03-29,104.88,584.35,81.6,0.282,0.747,SYNTHETIC_PROTOTYPE_CALIBRATED_TO_PUBLIC_MARKET_FACTOR_RANGES
2026-03-30,125.66,608.92,85.37,0.132,0.7,SYNTHETIC_PROTOTYPE_CALIBRATED_TO_PUBLIC_MARKET_FACTOR_RANGES
2026-03-31,104.65,600.21,84.58,0.292,0.702,SYNTHETIC_PROTOTYPE_CALIBRATED_TO_PUBLIC_MARKET_FACTOR_RANGES
2026-04-01,116.93,580.35,88.46,0.299,0.696,SYNTHETIC_PROTOTYPE_CALIBRATED_TO_PUBLIC_MARKET_FACTOR_RANGES
2026-04-02,125.22,581.22,90.61,0.243,0.761,SYNTHETIC_PROTOTYPE_CALIBRATED_TO_PUBLIC_MARKET_FACTOR_RANGES
2026-04-03,118.53,591.67,90.44,0.153,0.704,SYNTHETIC_PROTOTYPE_CALIBRATED_TO_PUBLIC_MARKET_FACTOR_RANGES
2026-04-04,112.76,576.95,83.03,0.389,0.768,SYNTHETIC_PROTOTYPE_CALIBRATED_TO_PUBLIC_MARKET_FACTOR_RANGES
2026-04-05,114.55,601.97,90.32,0.16,0.784,SYNTHETIC_PROTOTYPE_CALIBRATED_TO_PUBLIC_MARKET_FACTOR_RANGES
2026-04-06,125.04,593.26,86.08,0.297,0.681,SYNTHETIC_PROTOTYPE_CALIBRATED_TO_PUBLIC_MARKET_FACTOR_RANGES
2026-04-07,110.13,592.91,84.87,0.258,0.593,SYNTHETIC_PROTOTYPE_CALIBRATED_TO_PUBLIC_MARKET_FACTOR_RANGES
2026-04-08,125.18,598.97,83.25,0.288,0.75,SYNTHETIC_PROTOTYPE_CALIBRATED_TO_PUBLIC_MARKET_FACTOR_RANGES
2026-04-09,119.01,612.25,83.75,0.375,0.693,SYNTHETIC_PROTOTYPE_CALIBRATED_TO_PUBLIC_MARKET_FACTOR_RANGES
2026-04-10,113.03,594.45,92.87,0.282,0.671,SYNTHETIC_PROTOTYPE_CALIBRATED_TO_PUBLIC_MARKET_FACTOR_RANGES
2026-04-11,115.75,591.81,87.03,0.191,0.68,SYNTHETIC_PROTOTYPE_CALIBRATED_TO_PUBLIC_MARKET_FACTOR_RANGES
2026-04-12,113.22,612.0,86.39,0.323,0.686,SYNTHETIC_PROTOTYPE_CALIBRATED_TO_PUBLIC_MARKET_FACTOR_RANGES
2026-04-13,122.25,606.18,84.54,0.183,0.753,SYNTHETIC_PROTOTYPE_CALIBRATED_TO_PUBLIC_MARKET_FACTOR_RANGES
2026-04-14,121.16,591.33,95.26,0.246,0.706,SYNTHETIC_PROTOTYPE_CALIBRATED_TO_PUBLIC_MARKET_FACTOR_RANGES
2026-04-15,108.46,595.8,90.58,0.128,0.75,SYNTHETIC_PROTOTYPE_CALIBRATED_TO_PUBLIC_MARKET_FACTOR_RANGES
2026-04-16,114.57,598.57,82.36,0.149,0.717,SYNTHETIC_PROTOTYPE_CALIBRATED_TO_PUBLIC_MARKET_FACTOR_RANGES
2026-04-17,111.79,600.98,84.02,0.235,0.683,SYNTHETIC_PROTOTYPE_CALIBRATED_TO_PUBLIC_MARKET_FACTOR_RANGES
2026-04-18,122.08,580.71,84.13,0.26,0.679,SYNTHETIC_PROTOTYPE_CALIBRATED_TO_PUBLIC_MARKET_FACTOR_RANGES
2026-04-19,108.34,578.75,85.44,0.094,0.715,SYNTHETIC_PROTOTYPE_CALIBRATED_TO_PUBLIC_MARKET_FACTOR_RANGES
2026-04-20,122.59,586.8,81.92,0.27,0.724,SYNTHETIC_PROTOTYPE_CALIBRATED_TO_PUBLIC_MARKET_FACTOR_RANGES
2026-04-21,113.88,585.98,86.34,0.165,0.73,SYNTHETIC_PROTOTYPE_CALIBRATED_TO_PUBLIC_MARKET_FACTOR_RANGES
2026-04-22,107.71,589.85,90.25,0.333,0.678,SYNTHETIC_PROTOTYPE_CALIBRATED_TO_PUBLIC_MARKET_FACTOR_RANGES
2026-04-23,109.6,605.12,79.04,0.203,0.695,SYNTHETIC_PROTOTYPE_CALIBRATED_TO_PUBLIC_MARKET_FACTOR_RANGES
2026-04-24,108.45,595.32,79.64,0.141,0.709,SYNTHETIC_PROTOTYPE_CALIBRATED_TO_PUBLIC_MARKET_FACTOR_RANGES
2026-04-25,105.57,599.44,82.06,0.238,0.669,SYNTHETIC_PROTOTYPE_CALIBRATED_TO_PUBLIC_MARKET_FACTOR_RANGES
2026-04-26,111.91,582.04,82.09,0.159,0.638,SYNTHETIC_PROTOTYPE_CALIBRATED_TO_PUBLIC_MARKET_FACTOR_RANGES
2026-04-27,104.8,590.74,91.67,0.335,0.65,SYNTHETIC_PROTOTYPE_CALIBRATED_TO_PUBLIC_MARKET_FACTOR_RANGES
2026-04-28,99.56,602.78,87.52,0.235,0.671,SYNTHETIC_PROTOTYPE_CALIBRATED_TO_PUBLIC_MARKET_FACTOR_RANGES
2026-04-29,108.11,602.21,87.13,0.224,0.706,SYNTHETIC_PROTOTYPE_CALIBRATED_TO_PUBLIC_MARKET_FACTOR_RANGES
2026-04-30,100.56,585.62,82.12,0.285,0.728,SYNTHETIC_PROTOTYPE_CALIBRATED_TO_PUBLIC_MARKET_FACTOR_RANGES
2026-05-01,105.41,595.39,81.86,0.158,0.623,SYNTHETIC_PROTOTYPE_CALIBRATED_TO_PUBLIC_MARKET_FACTOR_RANGES
2026-05-02,104.24,618.87,77.02,0.137,0.652,SYNTHETIC_PROTOTYPE_CALIBRATED_TO_PUBLIC_MARKET_FACTOR_RANGES
2026-05-03,104.08,591.19,85.77,0.275,0.66,SYNTHETIC_PROTOTYPE_CALIBRATED_TO_PUBLIC_MARKET_FACTOR_RANGES
2026-05-04,118.12,581.91,84.43,0.156,0.705,SYNTHETIC_PROTOTYPE_CALIBRATED_TO_PUBLIC_MARKET_FACTOR_RANGES
2026-05-05,108.11,586.85,87.42,0.158,0.65,SYNTHETIC_PROTOTYPE_CALIBRATED_TO_PUBLIC_MARKET_FACTOR_RANGES
2026-05-06,108.81,588.65,81.24,0.315,0.653,SYNTHETIC_PROTOTYPE_CALIBRATED_TO_PUBLIC_MARKET_FACTOR_RANGES
2026-05-07,98.48,584.23,81.33,0.293,0.613,SYNTHETIC_PROTOTYPE_CALIBRATED_TO_PUBLIC_MARKET_FACTOR_RANGES
2026-05-08,103.92,584.06,82.38,0.153,0.687,SYNTHETIC_PROTOTYPE_CALIBRATED_TO_PUBLIC_MARKET_FACTOR_RANGES
2026-05-09,108.14,565.41,85.07,0.206,0.66,SYNTHETIC_PROTOTYPE_CALIBRATED_TO_PUBLIC_MARKET_FACTOR_RANGES
2026-05-10,101.84,569.37,75.42,0.186,0.639,SYNTHETIC_PROTOTYPE_CALIBRATED_TO_PUBLIC_MARKET_FACTOR_RANGES
2026-05-11,111.46,577.22,84.04,0.403,0.654,SYNTHETIC_PROTOTYPE_CALIBRATED_TO_PUBLIC_MARKET_FACTOR_RANGES
2026-05-12,100.89,575.02,80.81,0.336,0.708,SYNTHETIC_PROTOTYPE_CALIBRATED_TO_PUBLIC_MARKET_FACTOR_RANGES
2026-05-13,105.51,568.1,76.45,0.233,0.621,SYNTHETIC_PROTOTYPE_CALIBRATED_TO_PUBLIC_MARKET_FACTOR_RANGES
2026-05-14,104.08,570.57,72.13,0.316,0.627,SYNTHETIC_PROTOTYPE_CALIBRATED_TO_PUBLIC_MARKET_FACTOR_RANGES
2026-05-15,107.95,571.14,79.71,0.164,0.709,SYNTHETIC_PROTOTYPE_CALIBRATED_TO_PUBLIC_MARKET_FACTOR_RANGES
2026-05-16,104.09,578.7,85.83,0.222,0.661,SYNTHETIC_PROTOTYPE_CALIBRATED_TO_PUBLIC_MARKET_FACTOR_RANGES
2026-05-17,106.13,564.37,86.52,0.288,0.684,SYNTHETIC_PROTOTYPE_CALIBRATED_TO_PUBLIC_MARKET_FACTOR_RANGES
2026-05-18,106.55,567.8,81.02,0.319,0.672,SYNTHETIC_PROTOTYPE_CALIBRATED_TO_PUBLIC_MARKET_FACTOR_RANGES
2026-05-19,104.33,553.88,87.22,0.279,0.653,SYNTHETIC_PROTOTYPE_CALIBRATED_TO_PUBLIC_MARKET_FACTOR_RANGES
2026-05-20,110.75,564.54,78.98,0.31,0.639,SYNTHETIC_PROTOTYPE_CALIBRATED_TO_PUBLIC_MARKET_FACTOR_RANGES
2026-05-21,109.86,559.41,82.73,0.3,0.686,SYNTHETIC_PROTOTYPE_CALIBRATED_TO_PUBLIC_MARKET_FACTOR_RANGES
2026-05-22,108.61,562.45,76.89,0.284,0.698,SYNTHETIC_PROTOTYPE_CALIBRATED_TO_PUBLIC_MARKET_FACTOR_RANGES
2026-05-23,107.32,557.71,76.4,0.277,0.693,SYNTHETIC_PROTOTYPE_CALIBRATED_TO_PUBLIC_MARKET_FACTOR_RANGES
2026-05-24,113.9,553.25,75.51,0.271,0.602,SYNTHETIC_PROTOTYPE_CALIBRATED_TO_PUBLIC_MARKET_FACTOR_RANGES
2026-05-25,109.21,541.98,69.75,0.328,0.7,SYNTHETIC_PROTOTYPE_CALIBRATED_TO_PUBLIC_MARKET_FACTOR_RANGES
2026-05-26,109.36,543.03,82.9,0.346,0.633,SYNTHETIC_PROTOTYPE_CALIBRATED_TO_PUBLIC_MARKET_FACTOR_RANGES
2026-05-27,111.93,549.74,74.95,0.333,0.616,SYNTHETIC_PROTOTYPE_CALIBRATED_TO_PUBLIC_MARKET_FACTOR_RANGES
2026-05-28,120.43,526.0,74.07,0.227,0.638,SYNTHETIC_PROTOTYPE_CALIBRATED_TO_PUBLIC_MARKET_FACTOR_RANGES
2026-05-29,105.81,523.09,72.31,0.245,0.677,SYNTHETIC_PROTOTYPE_CALIBRATED_TO_PUBLIC_MARKET_FACTOR_RANGES
2026-05-30,116.93,529.59,75.97,0.361,0.665,SYNTHETIC_PROTOTYPE_CALIBRATED_TO_PUBLIC_MARKET_FACTOR_RANGES
2026-05-31,104.19,529.15,83.59,0.451,0.632,SYNTHETIC_PROTOTYPE_CALIBRATED_TO_PUBLIC_MARKET_FACTOR_RANGES
2026-06-01,115.33,511.02,84.67,0.35,0.675,SYNTHETIC_PROTOTYPE_CALIBRATED_TO_PUBLIC_MARKET_FACTOR_RANGES
2026-06-02,122.71,516.73,69.4,0.309,0.646,SYNTHETIC_PROTOTYPE_CALIBRATED_TO_PUBLIC_MARKET_FACTOR_RANGES
2026-06-03,117.87,513.22,74.38,0.364,0.616,SYNTHETIC_PROTOTYPE_CALIBRATED_TO_PUBLIC_MARKET_FACTOR_RANGES
2026-06-04,116.87,484.48,71.41,0.371,0.53,SYNTHETIC_PROTOTYPE_CALIBRATED_TO_PUBLIC_MARKET_FACTOR_RANGES
2026-06-05,113.8,505.14,79.25,0.571,0.574,SYNTHETIC_PROTOTYPE_CALIBRATED_TO_PUBLIC_MARKET_FACTOR_RANGES
2026-06-06,117.33,502.61,76.19,0.485,0.553,SYNTHETIC_PROTOTYPE_CALIBRATED_TO_PUBLIC_MARKET_FACTOR_RANGES
2026-06-07,116.47,499.31,72.24,0.421,0.501,SYNTHETIC_PROTOTYPE_CALIBRATED_TO_PUBLIC_MARKET_FACTOR_RANGES
2026-06-08,114.35,514.98,74.83,0.465,0.589,SYNTHETIC_PROTOTYPE_CALIBRATED_TO_PUBLIC_MARKET_FACTOR_RANGES
2026-06-09,117.35,480.18,72.37,0.441,0.535,SYNTHETIC_PROTOTYPE_CALIBRATED_TO_PUBLIC_MARKET_FACTOR_RANGES
2026-06-10,120.3,481.69,80.48,0.592,0.617,SYNTHETIC_PROTOTYPE_CALIBRATED_TO_PUBLIC_MARKET_FACTOR_RANGES
2026-06-11,115.94,457.08,75.96,0.475,0.497,SYNTHETIC_PROTOTYPE_CALIBRATED_TO_PUBLIC_MARKET_FACTOR_RANGES
2026-06-12,116.19,479.54,76.19,0.508,0.545,SYNTHETIC_PROTOTYPE_CALIBRATED_TO_PUBLIC_MARKET_FACTOR_RANGES
2026-06-13,113.84,477.5,62.59,0.545,0.523,SYNTHETIC_PROTOTYPE_CALIBRATED_TO_PUBLIC_MARKET_FACTOR_RANGES
2026-06-14,122.98,473.1,72.73,0.444,0.512,SYNTHETIC_PROTOTYPE_CALIBRATED_TO_PUBLIC_MARKET_FACTOR_RANGES
2026-06-15,124.09,489.55,81.07,0.522,0.53,SYNTHETIC_PROTOTYPE_CALIBRATED_TO_PUBLIC_MARKET_FACTOR_RANGES
2026-06-16,122.83,483.68,77.79,0.533,0.62,SYNTHETIC_PROTOTYPE_CALIBRATED_TO_PUBLIC_MARKET_FACTOR_RANGES
2026-06-17,126.76,471.45,64.84,0.39,0.554,SYNTHETIC_PROTOTYPE_CALIBRATED_TO_PUBLIC_MARKET_FACTOR_RANGES
2026-06-18,122.59,463.29,70.71,0.539,0.516,SYNTHETIC_PROTOTYPE_CALIBRATED_TO_PUBLIC_MARKET_FACTOR_RANGES
2026-06-19,124.28,477.35,66.9,0.518,0.474,SYNTHETIC_PROTOTYPE_CALIBRATED_TO_PUBLIC_MARKET_FACTOR_RANGES
2026-06-20,123.97,462.18,78.3,0.536,0.478,SYNTHETIC_PROTOTYPE_CALIBRATED_TO_PUBLIC_MARKET_FACTOR_RANGES
2026-06-21,122.07,450.05,72.17,0.532,0.525,SYNTHETIC_PROTOTYPE_CALIBRATED_TO_PUBLIC_MARKET_FACTOR_RANGES
2026-06-22,119.89,436.82,67.87,0.553,0.52,SYNTHETIC_PROTOTYPE_CALIBRATED_TO_PUBLIC_MARKET_FACTOR_RANGES
2026-06-23,133.59,449.75,70.82,0.643,0.536,SYNTHETIC_PROTOTYPE_CALIBRATED_TO_PUBLIC_MARKET_FACTOR_RANGES
2026-06-24,120.18,461.82,59.99,0.445,0.454,SYNTHETIC_PROTOTYPE_CALIBRATED_TO_PUBLIC_MARKET_FACTOR_RANGES
2026-06-25,118.98,477.89,65.83,0.515,0.541,SYNTHETIC_PROTOTYPE_CALIBRATED_TO_PUBLIC_MARKET_FACTOR_RANGES
2026-06-26,124.29,449.23,70.06,0.599,0.585,SYNTHETIC_PROTOTYPE_CALIBRATED_TO_PUBLIC_MARKET_FACTOR_RANGES
2026-06-27,123.14,437.31,73.04,0.587,0.608,SYNTHETIC_PROTOTYPE_CALIBRATED_TO_PUBLIC_MARKET_FACTOR_RANGES
2026-06-28,114.56,430.39,61.64,0.588,0.467,SYNTHETIC_PROTOTYPE_CALIBRATED_TO_PUBLIC_MARKET_FACTOR_RANGES
2026-06-29,126.85,449.45,67.62,0.774,0.511,SYNTHETIC_PROTOTYPE_CALIBRATED_TO_PUBLIC_MARKET_FACTOR_RANGES
2026-06-30,120.37,419.97,72.93,0.606,0.508,SYNTHETIC_PROTOTYPE_CALIBRATED_TO_PUBLIC_MARKET_FACTOR_RANGES
2026-07-01,114.83,446.18,62.84,0.65,0.548,SYNTHETIC_PROTOTYPE_CALIBRATED_TO_PUBLIC_MARKET_FACTOR_RANGES
2026-07-02,125.83,447.92,69.31,0.537,0.493,SYNTHETIC_PROTOTYPE_CALIBRATED_TO_PUBLIC_MARKET_FACTOR_RANGES
2026-07-03,122.46,441.99,68.4,0.484,0.609,SYNTHETIC_PROTOTYPE_CALIBRATED_TO_PUBLIC_MARKET_FACTOR_RANGES
2026-07-04,112.41,432.88,74.75,0.429,0.623,SYNTHETIC_PROTOTYPE_CALIBRATED_TO_PUBLIC_MARKET_FACTOR_RANGES
2026-07-05,126.97,441.16,66.72,0.513,0.616,SYNTHETIC_PROTOTYPE_CALIBRATED_TO_PUBLIC_MARKET_FACTOR_RANGES
2026-07-06,120.69,435.41,66.71,0.49,0.685,SYNTHETIC_PROTOTYPE_CALIBRATED_TO_PUBLIC_MARKET_FACTOR_RANGES
2026-07-07,116.61,423.11,70.57,0.492,0.62,SYNTHETIC_PROTOTYPE_CALIBRATED_TO_PUBLIC_MARKET_FACTOR_RANGES
2026-07-08,123.83,453.85,61.6,0.444,0.636,SYNTHETIC_PROTOTYPE_CALIBRATED_TO_PUBLIC_MARKET_FACTOR_RANGES
2026-07-09,115.86,426.73,65.78,0.433,0.59,SYNTHETIC_PROTOTYPE_CALIBRATED_TO_PUBLIC_MARKET_FACTOR_RANGES
2026-07-10,114.08,439.68,64.6,0.45,0.565,SYNTHETIC_PROTOTYPE_CALIBRATED_TO_PUBLIC_MARKET_FACTOR_RANGES
2026-07-11,110.04,400.87,65.63,0.523,0.596,SYNTHETIC_PROTOTYPE_CALIBRATED_TO_PUBLIC_MARKET_FACTOR_RANGES
2026-07-12,115.34,444.84,69.35,0.534,0.708,SYNTHETIC_PROTOTYPE_CALIBRATED_TO_PUBLIC_MARKET_FACTOR_RANGES
2026-07-13,113.87,446.89,67.93,0.387,0.645,SYNTHETIC_PROTOTYPE_CALIBRATED_TO_PUBLIC_MARKET_FACTOR_RANGES
2026-07-14,110.6,429.46,62.49,0.529,0.631,SYNTHETIC_PROTOTYPE_CALIBRATED_TO_PUBLIC_MARKET_FACTOR_RANGES
2026-07-15,105.6,435.75,65.8,0.417,0.581,SYNTHETIC_PROTOTYPE_CALIBRATED_TO_PUBLIC_MARKET_FACTOR_RANGES
2026-07-16,109.2,435.78,70.98,0.507,0.656,SYNTHETIC_PROTOTYPE_CALIBRATED_TO_PUBLIC_MARKET_FACTOR_RANGES
2026-07-17,107.19,421.51,61.47,0.454,0.566,SYNTHETIC_PROTOTYPE_CALIBRATED_TO_PUBLIC_MARKET_FACTOR_RANGES
2026-07-18,99.85,436.01,65.15,0.595,0.557,SYNTHETIC_PROTOTYPE_CALIBRATED_TO_PUBLIC_MARKET_FACTOR_RANGES
2026-07-19,98.12,420.06,63.57,0.437,0.598,SYNTHETIC_PROTOTYPE_CALIBRATED_TO_PUBLIC_MARKET_FACTOR_RANGES
2026-07-20,107.28,422.87,63.87,0.484,0.699,SYNTHETIC_PROTOTYPE_CALIBRATED_TO_PUBLIC_MARKET_FACTOR_RANGES
2026-07-21,90.41,444.19,57.39,0.518,0.696,SYNTHETIC_PROTOTYPE_CALIBRATED_TO_PUBLIC_MARKET_FACTOR_RANGES
2026-07-22,103.42,442.93,69.33,0.399,0.603,SYNTHETIC_PROTOTYPE_CALIBRATED_TO_PUBLIC_MARKET_FACTOR_RANGES
2026-07-23,98.98,423.41,60.38,0.463,0.594,SYNTHETIC_PROTOTYPE_CALIBRATED_TO_PUBLIC_MARKET_FACTOR_RANGES
2026-07-24,106.9,423.8,67.37,0.447,0.556,SYNTHETIC_PROTOTYPE_CALIBRATED_TO_PUBLIC_MARKET_FACTOR_RANGES
2026-07-25,96.9,425.64,60.57,0.426,0.625,SYNTHETIC_PROTOTYPE_CALIBRATED_TO_PUBLIC_MARKET_FACTOR_RANGES
2026-07-26,101.69,443.04,60.35,0.431,0.628,SYNTHETIC_PROTOTYPE_CALIBRATED_TO_PUBLIC_MARKET_FACTOR_RANGES
2026-07-27,95.45,423.16,67.5,0.554,0.654,SYNTHETIC_PROTOTYPE_CALIBRATED_TO_PUBLIC_MARKET_FACTOR_RANGES
2026-07-28,97.07,440.41,66.42,0.416,0.659,SYNTHETIC_PROTOTYPE_CALIBRATED_TO_PUBLIC_MARKET_FACTOR_RANGES
2026-07-29,99.27,446.11,63.09,0.508,0.615,SYNTHETIC_PROTOTYPE_CALIBRATED_TO_PUBLIC_MARKET_FACTOR_RANGES
2026-07-30,92.4,437.16,65.1,0.486,0.645,SYNTHETIC_PROTOTYPE_CALIBRATED_TO_PUBLIC_MARKET_FACTOR_RANGES
2026-07-31,98.85,451.44,60.71,0.348,0.595,SYNTHETIC_PROTOTYPE_CALIBRATED_TO_PUBLIC_MARKET_FACTOR_RANGES
2026-08-01,88.08,436.82,61.64,0.499,0.645,SYNTHETIC_PROTOTYPE_CALIBRATED_TO_PUBLIC_MARKET_FACTOR_RANGES
2026-08-02,93.75,439.08,58.84,0.343,0.604,SYNTHETIC_PROTOTYPE_CALIBRATED_TO_PUBLIC_MARKET_FACTOR_RANGES
2026-08-03,96.15,431.13,64.92,0.504,0.643,SYNTHETIC_PROTOTYPE_CALIBRATED_TO_PUBLIC_MARKET_FACTOR_RANGES
2026-08-04,94.15,456.29,58.36,0.411,0.64,SYNTHETIC_PROTOTYPE_CALIBRATED_TO_PUBLIC_MARKET_FACTOR_RANGES
2026-08-05,99.77,436.13,66.89,0.45,0.628,SYNTHETIC_PROTOTYPE_CALIBRATED_TO_PUBLIC_MARKET_FACTOR_RANGES
2026-08-06,85.76,450.79,59.52,0.344,0.658,SYNTHETIC_PROTOTYPE_CALIBRATED_TO_PUBLIC_MARKET_FACTOR_RANGES
2026-08-07,82.12,447.0,60.69,0.454,0.564,SYNTHETIC_PROTOTYPE_CALIBRATED_TO_PUBLIC_MARKET_FACTOR_RANGES
2026-08-08,83.53,436.5,63.48,0.516,0.585,SYNTHETIC_PROTOTYPE_CALIBRATED_TO_PUBLIC_MARKET_FACTOR_RANGES
2026-08-09,91.33,443.09,60.38,0.375,0.617,SYNTHETIC_PROTOTYPE_CALIBRATED_TO_PUBLIC_MARKET_FACTOR_RANGES
2026-08-10,90.09,468.26,58.93,0.388,0.571,SYNTHETIC_PROTOTYPE_CALIBRATED_TO_PUBLIC_MARKET_FACTOR_RANGES
2026-08-11,87.74,455.34,59.85,0.47,0.613,SYNTHETIC_PROTOTYPE_CALIBRATED_TO_PUBLIC_MARKET_FACTOR_RANGES
2026-08-12,81.28,442.05,63.39,0.469,0.615,SYNTHETIC_PROTOTYPE_CALIBRATED_TO_PUBLIC_MARKET_FACTOR_RANGES
2026-08-13,90.45,459.05,57.01,0.232,0.683,SYNTHETIC_PROTOTYPE_CALIBRATED_TO_PUBLIC_MARKET_FACTOR_RANGES
2026-08-14,80.26,454.83,59.02,0.585,0.637,SYNTHETIC_PROTOTYPE_CALIBRATED_TO_PUBLIC_MARKET_FACTOR_RANGES
2026-08-15,91.99,499.2,59.42,0.463,0.673,SYNTHETIC_PROTOTYPE_CALIBRATED_TO_PUBLIC_MARKET_FACTOR_RANGES
2026-08-16,100.35,462.31,62.7,0.473,0.644,SYNTHETIC_PROTOTYPE_CALIBRATED_TO_PUBLIC_MARKET_FACTOR_RANGES
2026-08-17,87.8,455.42,58.71,0.402,0.612,SYNTHETIC_PROTOTYPE_CALIBRATED_TO_PUBLIC_MARKET_FACTOR_RANGES
2026-08-18,88.83,478.09,66.21,0.262,0.639,SYNTHETIC_PROTOTYPE_CALIBRATED_TO_PUBLIC_MARKET_FACTOR_RANGES
2026-08-19,83.44,439.98,58.23,0.46,0.664,SYNTHETIC_PROTOTYPE_CALIBRATED_TO_PUBLIC_MARKET_FACTOR_RANGES
2026-08-20,76.89,464.17,57.78,0.357,0.683,SYNTHETIC_PROTOTYPE_CALIBRATED_TO_PUBLIC_MARKET_FACTOR_RANGES
2026-08-21,83.0,487.9,57.93,0.442,0.631,SYNTHETIC_PROTOTYPE_CALIBRATED_TO_PUBLIC_MARKET_FACTOR_RANGES
2026-08-22,80.65,463.44,53.23,0.377,0.571,SYNTHETIC_PROTOTYPE_CALIBRATED_TO_PUBLIC_MARKET_FACTOR_RANGES
2026-08-23,79.02,444.85,54.24,0.41,0.569,SYNTHETIC_PROTOTYPE_CALIBRATED_TO_PUBLIC_MARKET_FACTOR_RANGES
2026-08-24,95.04,461.65,56.16,0.325,0.626,SYNTHETIC_PROTOTYPE_CALIBRATED_TO_PUBLIC_MARKET_FACTOR_RANGES
2026-08-25,88.0,484.56,62.72,0.452,0.546,SYNTHETIC_PROTOTYPE_CALIBRATED_TO_PUBLIC_MARKET_FACTOR_RANGES
2026-08-26,88.76,472.25,57.95,0.284,0.713,SYNTHETIC_PROTOTYPE_CALIBRATED_TO_PUBLIC_MARKET_FACTOR_RANGES
2026-08-27,85.58,458.24,56.05,0.555,0.666,SYNTHETIC_PROTOTYPE_CALIBRATED_TO_PUBLIC_MARKET_FACTOR_RANGES
2026-08-28,86.53,460.58,62.8,0.55,0.617,SYNTHETIC_PROTOTYPE_CALIBRATED_TO_PUBLIC_MARKET_FACTOR_RANGES
2026-08-29,92.51,462.53,64.01,0.497,0.599,SYNTHETIC_PROTOTYPE_CALIBRATED_TO_PUBLIC_MARKET_FACTOR_RANGES
2026-08-30,87.83,473.94,62.75,0.465,0.686,SYNTHETIC_PROTOTYPE_CALIBRATED_TO_PUBLIC_MARKET_FACTOR_RANGES
2026-08-31,90.97,485.97,54.24,0.352,0.601,SYNTHETIC_PROTOTYPE_CALIBRATED_TO_PUBLIC_MARKET_FACTOR_RANGES
2026-09-01,87.66,482.76,55.6,0.448,0.606,SYNTHETIC_PROTOTYPE_CALIBRATED_TO_PUBLIC_MARKET_FACTOR_RANGES
2026-09-02,87.26,475.76,64.76,0.342,0.617,SYNTHETIC_PROTOTYPE_CALIBRATED_TO_PUBLIC_MARKET_FACTOR_RANGES
2026-09-03,82.28,454.4,58.41,0.222,0.653,SYNTHETIC_PROTOTYPE_CALIBRATED_TO_PUBLIC_MARKET_FACTOR_RANGES
2026-09-04,79.75,454.46,56.31,0.462,0.675,SYNTHETIC_PROTOTYPE_CALIBRATED_TO_PUBLIC_MARKET_FACTOR_RANGES
2026-09-05,88.66,476.73,60.2,0.428,0.699,SYNTHETIC_PROTOTYPE_CALIBRATED_TO_PUBLIC_MARKET_FACTOR_RANGES
2026-09-06,90.57,454.06,61.31,0.331,0.694,SYNTHETIC_PROTOTYPE_CALIBRATED_TO_PUBLIC_MARKET_FACTOR_RANGES
2026-09-07,84.17,467.31,54.94,0.231,0.653,SYNTHETIC_PROTOTYPE_CALIBRATED_TO_PUBLIC_MARKET_FACTOR_RANGES
2026-09-08,90.72,473.4,58.06,0.278,0.695,SYNTHETIC_PROTOTYPE_CALIBRATED_TO_PUBLIC_MARKET_FACTOR_RANGES
2026-09-09,91.44,455.77,60.85,0.175,0.628,SYNTHETIC_PROTOTYPE_CALIBRATED_TO_PUBLIC_MARKET_FACTOR_RANGES
2026-09-10,80.65,456.74,52.47,0.393,0.584,SYNTHETIC_PROTOTYPE_CALIBRATED_TO_PUBLIC_MARKET_FACTOR_RANGES
2026-09-11,87.09,467.44,57.13,0.185,0.631,SYNTHETIC_PROTOTYPE_CALIBRATED_TO_PUBLIC_MARKET_FACTOR_RANGES
2026-09-12,93.91,474.1,52.6,0.332,0.626,SYNTHETIC_PROTOTYPE_CALIBRATED_TO_PUBLIC_MARKET_FACTOR_RANGES
2026-09-13,93.98,480.22,53.1,0.238,0.635,SYNTHETIC_PROTOTYPE_CALIBRATED_TO_PUBLIC_MARKET_FACTOR_RANGES
2026-09-14,86.43,474.13,54.77,0.187,0.623,SYNTHETIC_PROTOTYPE_CALIBRATED_TO_PUBLIC_MARKET_FACTOR_RANGES
2026-09-15,93.11,467.04,58.92,0.316,0.644,SYNTHETIC_PROTOTYPE_CALIBRATED_TO_PUBLIC_MARKET_FACTOR_RANGES
2026-09-16,97.5,456.47,55.72,0.267,0.688,SYNTHETIC_PROTOTYPE_CALIBRATED_TO_PUBLIC_MARKET_FACTOR_RANGES
2026-09-17,96.32,451.79,54.41,0.357,0.733,SYNTHETIC_PROTOTYPE_CALIBRATED_TO_PUBLIC_MARKET_FACTOR_RANGES
2026-09-18,91.96,457.68,57.21,0.185,0.597,SYNTHETIC_PROTOTYPE_CALIBRATED_TO_PUBLIC_MARKET_FACTOR_RANGES
2026-09-19,90.06,467.86,52.42,0.222,0.616,SYNTHETIC_PROTOTYPE_CALIBRATED_TO_PUBLIC_MARKET_FACTOR_RANGES
2026-09-20,89.18,466.07,58.73,0.088,0.637,SYNTHETIC_PROTOTYPE_CALIBRATED_TO_PUBLIC_MARKET_FACTOR_RANGES
